region	trait_pair	eur_h4	afr_h4	expected_afr	residual	power_ratio	classification
12:13750000-21250000	t2d-stroke	0.9264	0.0455	0.6070	-0.5615	0.594	POWER_LIMITED
17:17750000-20250000	t2d-stroke	0.7446	0.0122	0.5039	-0.4917	0.634	POWER_LIMITED
11:42750000-44250000	t2d-stroke	0.7409	0.0040	0.4687	-0.4647	0.554	POWER_LIMITED
3:120750000-126250000	t2d-stroke	0.6812	0.0278	0.4644	-0.4366	0.643	POWER_LIMITED
7:91750000-94250000	t2d-stroke	0.6629	0.0064	0.4681	-0.4617	0.690	POWER_LIMITED
15:70750000-84250000	t2d-stroke	0.6071	0.0373	0.4284	-0.3911	0.689	POWER_LIMITED
18:18750000-25250000	t2d-stroke	0.4923	0.0092	0.3367	-0.3275	0.648	CONCORDANT_NULL
9:135750000-138250000	t2d-stroke	0.3694	0.0236	0.2473	-0.2237	0.620	CONCORDANT_NULL
1:55750000-58250000	t2d-stroke	0.3359	0.0442	0.2274	-0.1832	0.634	CONCORDANT_NULL
16:8750000-13250000	t2d-stroke	0.3264	0.0077	0.2249	-0.2172	0.657	CONCORDANT_NULL
12:3750000-6250000	t2d-stroke	0.2572	0.0461	0.1795	-0.1334	0.674	CONCORDANT_NULL
3:149750000-151250000	t2d-stroke	0.2220	0.0526	0.1623	-0.1097	0.740	MODERATE_BOTH
11:75750000-79250000	t2d-asthma	0.2109	0.0289	0.1793	-0.1504	68.767	CONCORDANT_NULL
2:225750000-231250000	t2d-asthma	0.1645	0.0277	0.1398	-0.1121	65.110	CONCORDANT_NULL
10:113750000-117250000	t2d-stroke	0.1301	0.1219	0.0868	0.0351	0.617	AFR_ENRICHED
4:84750000-87250000	t2d-stroke	0.1175	0.0085	0.0807	-0.0722	0.653	CONCORDANT_NULL
11:91750000-94250000	t2d-stroke	0.1170	0.0133	0.0850	-0.0717	0.730	CONCORDANT_NULL
19:20750000-23250000	t2d-asthma	0.0905	0.0211	0.0769	-0.0558	53.395	CONCORDANT_NULL
4:0-4250000	t2d-stroke	0.0880	0.0108	0.0604	-0.0496	0.652	CONCORDANT_NULL
3:151750000-155250000	t2d-stroke	0.0845	0.3118	0.0581	0.2537	0.654	AFR_ENRICHED
20:60750000-64250000	t2d-asthma	0.0822	0.0283	0.0699	-0.0416	45.993	CONCORDANT_NULL
20:38750000-46250000	t2d-asthma	0.0811	0.1127	0.0689	0.0438	68.652	AFR_ENRICHED
4:139750000-141250000	t2d-stroke	0.0795	0.0019	0.0508	-0.0489	0.566	CONCORDANT_NULL
18:35750000-37250000	t2d-stroke	0.0780	0.0047	0.0534	-0.0487	0.649	CONCORDANT_NULL
10:69750000-72250000	t2d-asthma	0.0763	0.0237	0.0649	-0.0412	64.312	CONCORDANT_NULL
11:127750000-129250000	t2d-asthma	0.0730	0.0117	0.0620	-0.0503	56.542	CONCORDANT_NULL
6:75750000-77250000	t2d-asthma	0.0686	0.0119	0.0583	-0.0464	52.376	CONCORDANT_NULL
20:56750000-58250000	t2d-stroke	0.0676	0.0031	0.0427	-0.0396	0.553	CONCORDANT_NULL
13:29750000-34250000	t2d-stroke	0.0672	0.0785	0.0475	0.0310	0.693	CONCORDANT_NULL
22:39750000-43250000	t2d-asthma	0.0664	0.0225	0.0564	-0.0339	63.109	CONCORDANT_NULL
1:114750000-121250000	t2d-stroke	0.0663	0.0126	0.0463	-0.0337	0.675	CONCORDANT_NULL
10:101750000-108250000	stroke-asthma	0.0662	0.0150	0.0563	-0.0413	63.020	CONCORDANT_NULL
10:120750000-123250000	t2d-asthma	0.0658	0.0371	0.0559	-0.0188	61.120	CONCORDANT_NULL
13:90750000-92250000	t2d-stroke	0.0631	0.0312	0.0432	-0.0120	0.648	CONCORDANT_NULL
4:37750000-41250000	stroke-asthma	0.0619	0.0264	0.0526	-0.0262	66.094	CONCORDANT_NULL
3:19750000-21250000	t2d-asthma	0.0597	0.0106	0.0507	-0.0401	65.072	CONCORDANT_NULL
4:70750000-72250000	t2d-asthma	0.0592	0.0128	0.0503	-0.0375	78.016	CONCORDANT_NULL
4:160750000-164250000	t2d-stroke	0.0588	0.0067	0.0397	-0.0330	0.632	CONCORDANT_NULL
4:110750000-114250000	t2d-stroke	0.0560	0.0051	0.0396	-0.0345	0.692	CONCORDANT_NULL
3:120750000-126250000	t2d-asthma	0.0550	0.0756	0.0467	0.0289	62.321	CONCORDANT_NULL
4:51750000-57250000	t2d-stroke	0.0541	0.0057	0.0385	-0.0328	0.700	CONCORDANT_NULL
6:750000-2250000	stroke-asthma	0.0524	0.0105	0.0445	-0.0340	4.694	CONCORDANT_NULL
8:131750000-133250000	t2d-asthma	0.0522	0.0133	0.0444	-0.0311	57.953	CONCORDANT_NULL
2:66750000-68250000	t2d-stroke	0.0468	0.0033	0.0297	-0.0264	0.557	CONCORDANT_NULL
6:149750000-158250000	t2d-stroke	0.0455	0.0423	0.0313	0.0110	0.654	CONCORDANT_NULL
4:5750000-7250000	t2d-asthma	0.0451	0.0350	0.0383	-0.0033	59.431	CONCORDANT_NULL
1:9750000-13250000	t2d-stroke	0.0451	0.0091	0.0312	-0.0221	0.660	CONCORDANT_NULL
4:47750000-50250000	t2d-stroke	0.0434	0.0020	0.0310	-0.0290	0.706	CONCORDANT_NULL
2:202750000-209250000	stroke-asthma	0.0428	0.0152	0.0364	-0.0212	74.053	CONCORDANT_NULL
11:34750000-36250000	t2d-stroke	0.0410	0.0066	0.0287	-0.0221	0.679	CONCORDANT_NULL
14:90750000-95250000	stroke-asthma	0.0402	0.0255	0.0342	-0.0087	62.713	CONCORDANT_NULL
7:124750000-128250000	t2d-asthma	0.0396	0.0269	0.0337	-0.0068	69.247	CONCORDANT_NULL
6:159750000-165250000	t2d-stroke	0.0396	0.0226	0.0272	-0.0046	0.653	CONCORDANT_NULL
2:7750000-10250000	t2d-stroke	0.0383	0.0205	0.0259	-0.0054	0.633	CONCORDANT_NULL
7:0-4250000	t2d-stroke	0.0380	0.0072	0.0264	-0.0192	0.667	CONCORDANT_NULL
3:110750000-120250000	t2d-stroke	0.0380	0.0137	0.0254	-0.0117	0.619	CONCORDANT_NULL
6:136750000-138250000	t2d-stroke	0.0378	0.0032	0.0263	-0.0231	0.672	CONCORDANT_NULL
10:61750000-67250000	t2d-stroke	0.0363	0.0733	0.0241	0.0492	0.612	CONCORDANT_NULL
9:20750000-24250000	stroke-asthma	0.0350	0.0147	0.0298	-0.0151	35.364	CONCORDANT_NULL
16:88750000-91250000	t2d-stroke	0.0332	0.0038	0.0219	-0.0181	0.602	CONCORDANT_NULL
14:37750000-39250000	t2d-asthma	0.0322	0.0255	0.0274	-0.0019	69.948	CONCORDANT_NULL
2:21750000-23250000	t2d-asthma	0.0315	0.0118	0.0268	-0.0150	65.967	CONCORDANT_NULL
11:110750000-123250000	t2d-stroke	0.0309	0.0558	0.0210	0.0348	0.642	CONCORDANT_NULL
17:67750000-69250000	t2d-stroke	0.0304	0.0033	0.0208	-0.0175	0.647	CONCORDANT_NULL
14:28750000-32250000	t2d-stroke	0.0304	0.0073	0.0205	-0.0132	0.630	CONCORDANT_NULL
2:154750000-160250000	t2d-stroke	0.0300	0.0185	0.0185	0.0000	0.526	CONCORDANT_NULL
18:68750000-70250000	t2d-asthma	0.0299	0.0164	0.0254	-0.0090	57.459	CONCORDANT_NULL
21:38750000-47250000	t2d-stroke	0.0293	0.0170	0.0203	-0.0033	0.667	CONCORDANT_NULL
12:37750000-40250000	t2d-asthma	0.0291	0.0515	0.0247	0.0268	57.456	CONCORDANT_NULL
7:48750000-52250000	t2d-asthma	0.0279	0.0302	0.0237	0.0065	61.544	CONCORDANT_NULL
3:7750000-17250000	t2d-asthma	0.0277	0.0734	0.0235	0.0499	56.304	CONCORDANT_NULL
3:69750000-71250000	t2d-stroke	0.0275	0.0063	0.0202	-0.0139	0.744	CONCORDANT_NULL
4:93750000-97250000	t2d-asthma	0.0274	0.0242	0.0233	0.0009	54.464	CONCORDANT_NULL
1:64750000-68250000	t2d-stroke	0.0264	0.0097	0.0176	-0.0079	0.616	CONCORDANT_NULL
15:45750000-50250000	t2d-asthma	0.0248	0.0350	0.0211	0.0139	75.307	CONCORDANT_NULL
6:16750000-36250000	t2d-stroke	0.0230	0.5436	0.0159	0.5277	0.662	AFR_ENRICHED
20:38750000-46250000	t2d-stroke	0.0223	0.0491	0.0154	0.0337	0.659	CONCORDANT_NULL
3:126750000-129250000	t2d-asthma	0.0222	0.0268	0.0189	0.0079	62.692	CONCORDANT_NULL
4:93750000-97250000	t2d-stroke	0.0221	0.0125	0.0147	-0.0022	0.610	CONCORDANT_NULL
15:56750000-64250000	t2d-stroke	0.0221	0.0214	0.0153	0.0061	0.660	CONCORDANT_NULL
5:129750000-134250000	t2d-asthma	0.0220	0.0308	0.0187	0.0121	66.259	CONCORDANT_NULL
10:7750000-10250000	t2d-asthma	0.0217	0.0182	0.0184	-0.0002	64.671	CONCORDANT_NULL
22:27750000-33250000	t2d-stroke	0.0213	0.0086	0.0136	-0.0050	0.566	CONCORDANT_NULL
5:72750000-78250000	t2d-stroke	0.0212	0.0293	0.0150	0.0143	0.692	CONCORDANT_NULL
4:70750000-72250000	t2d-stroke	0.0212	0.0111	0.0150	-0.0039	0.695	CONCORDANT_NULL
17:54750000-58250000	t2d-stroke	0.0211	0.0064	0.0138	-0.0074	0.595	CONCORDANT_NULL
6:750000-2250000	t2d-stroke	0.0210	0.0068	0.0135	-0.0067	0.573	CONCORDANT_NULL
3:40750000-54250000	t2d-stroke	0.0207	0.0233	0.0146	0.0087	0.684	CONCORDANT_NULL
11:12750000-15250000	t2d-stroke	0.0206	0.0194	0.0142	0.0052	0.662	CONCORDANT_NULL
8:79750000-83250000	t2d-asthma	0.0206	0.0280	0.0175	0.0105	60.461	CONCORDANT_NULL
2:217750000-221250000	t2d-asthma	0.0205	0.0264	0.0174	0.0090	67.806	CONCORDANT_NULL
16:0-1250000	t2d-stroke	0.0203	0.0504	0.0141	0.0363	0.671	CONCORDANT_NULL
7:23750000-29250000	t2d-stroke	0.0197	0.0214	0.0133	0.0081	0.630	CONCORDANT_NULL
11:53750000-59250000	t2d-stroke	0.0189	0.0097	0.0127	-0.0030	0.622	CONCORDANT_NULL
17:72750000-74250000	t2d-stroke	0.0188	0.0050	0.0129	-0.0079	0.653	CONCORDANT_NULL
11:62750000-75250000	t2d-stroke	0.0186	0.0537	0.0137	0.0400	0.751	CONCORDANT_NULL
5:146750000-149250000	t2d-stroke	0.0186	0.0063	0.0133	-0.0070	0.709	CONCORDANT_NULL
9:95750000-97250000	t2d-stroke	0.0184	0.0021	0.0120	-0.0099	0.592	CONCORDANT_NULL
6:75750000-77250000	t2d-stroke	0.0182	0.0074	0.0141	-0.0067	0.834	CONCORDANT_NULL
9:98750000-100250000	t2d-asthma	0.0178	0.0089	0.0151	-0.0062	89.244	CONCORDANT_NULL
2:210750000-215250000	t2d-stroke	0.0177	0.0160	0.0121	0.0039	0.646	CONCORDANT_NULL
12:95750000-100250000	t2d-asthma	0.0171	0.0373	0.0145	0.0228	60.336	CONCORDANT_NULL
3:178750000-190250000	t2d-stroke	0.0170	0.0392	0.0121	0.0271	0.705	CONCORDANT_NULL
8:79750000-83250000	stroke-asthma	0.0163	0.0122	0.0139	-0.0017	66.333	CONCORDANT_NULL
14:71750000-74250000	t2d-asthma	0.0162	0.0317	0.0138	0.0179	51.599	CONCORDANT_NULL
16:18750000-22250000	t2d-stroke	0.0157	0.0102	0.0113	-0.0011	0.716	CONCORDANT_NULL
1:36750000-53250000	t2d-stroke	0.0152	0.0516	0.0105	0.0411	0.660	CONCORDANT_NULL
4:0-4250000	t2d-asthma	0.0151	0.0395	0.0128	0.0267	47.275	CONCORDANT_NULL
11:15750000-19250000	t2d-stroke	0.0151	0.0190	0.0103	0.0087	0.644	CONCORDANT_NULL
2:94750000-99250000	t2d-stroke	0.0148	0.0027	0.0094	-0.0067	0.560	CONCORDANT_NULL
12:117750000-119250000	t2d-asthma	0.0148	0.0227	0.0126	0.0101	74.160	CONCORDANT_NULL
5:118750000-120250000	t2d-stroke	0.0147	0.0031	0.0098	-0.0067	0.619	CONCORDANT_NULL
13:109750000-113250000	t2d-stroke	0.0146	0.0061	0.0100	-0.0039	0.644	CONCORDANT_NULL
7:97750000-101250000	t2d-stroke	0.0146	0.0267	0.0096	0.0171	0.600	CONCORDANT_NULL
5:54750000-58250000	t2d-asthma	0.0145	0.0178	0.0123	0.0055	55.784	CONCORDANT_NULL
2:217750000-221250000	t2d-stroke	0.0144	0.0110	0.0103	0.0007	0.704	CONCORDANT_NULL
6:115750000-123250000	t2d-stroke	0.0143	0.0101	0.0095	0.0006	0.605	CONCORDANT_NULL
2:225750000-231250000	t2d-stroke	0.0143	0.0244	0.0101	0.0143	0.687	CONCORDANT_NULL
15:45750000-50250000	t2d-stroke	0.0142	0.0130	0.0098	0.0032	0.657	CONCORDANT_NULL
9:110750000-115250000	t2d-stroke	0.0141	0.0102	0.0089	0.0013	0.557	CONCORDANT_NULL
17:74750000-82250000	t2d-stroke	0.0140	0.0208	0.0094	0.0114	0.628	CONCORDANT_NULL
6:132750000-136250000	t2d-asthma	0.0139	0.0270	0.0118	0.0152	67.697	CONCORDANT_NULL
8:137750000-139250000	t2d-stroke	0.0139	0.0042	0.0092	-0.0050	0.603	CONCORDANT_NULL
17:70750000-72250000	t2d-asthma	0.0137	0.0138	0.0116	0.0022	69.474	CONCORDANT_NULL
20:52750000-55250000	t2d-stroke	0.0136	0.0252	0.0099	0.0153	0.730	CONCORDANT_NULL
17:63750000-67250000	t2d-asthma	0.0136	0.0272	0.0116	0.0156	74.092	CONCORDANT_NULL
15:37750000-39250000	t2d-asthma	0.0135	0.0273	0.0115	0.0158	68.267	CONCORDANT_NULL
10:69750000-72250000	t2d-stroke	0.0134	0.0063	0.0089	-0.0026	0.616	CONCORDANT_NULL
6:37750000-45250000	t2d-stroke	0.0133	0.0409	0.0087	0.0322	0.591	CONCORDANT_NULL
19:15750000-20250000	t2d-stroke	0.0132	0.0119	0.0088	0.0031	0.610	CONCORDANT_NULL
8:5750000-7250000	t2d-stroke	0.0132	0.0048	0.0094	-0.0046	0.701	CONCORDANT_NULL
2:160750000-163250000	t2d-stroke	0.0131	0.0026	0.0081	-0.0055	0.532	CONCORDANT_NULL
17:54750000-58250000	stroke-asthma	0.0129	0.0108	0.0110	-0.0002	55.747	CONCORDANT_NULL
4:62750000-64250000	t2d-stroke	0.0129	0.0038	0.0094	-0.0056	0.740	CONCORDANT_NULL
4:82750000-84250000	t2d-asthma	0.0128	0.0092	0.0109	-0.0017	70.563	CONCORDANT_NULL
5:58750000-65250000	t2d-stroke	0.0127	0.0092	0.0087	0.0005	0.648	CONCORDANT_NULL
6:48750000-54250000	t2d-asthma	0.0126	0.0515	0.0107	0.0408	69.679	CONCORDANT_NULL
9:123750000-132250000	t2d-stroke	0.0124	0.0744	0.0088	0.0656	0.695	CONCORDANT_NULL
2:39750000-49250000	t2d-stroke	0.0123	0.0394	0.0084	0.0310	0.639	CONCORDANT_NULL
13:21750000-23250000	t2d-asthma	0.0122	0.0125	0.0104	0.0021	61.944	CONCORDANT_NULL
1:84750000-86250000	t2d-stroke	0.0122	0.0024	0.0081	-0.0057	0.609	CONCORDANT_NULL
3:7750000-17250000	t2d-stroke	0.0122	0.0230	0.0083	0.0147	0.646	CONCORDANT_NULL
14:78750000-81250000	t2d-stroke	0.0121	0.0120	0.0084	0.0036	0.662	CONCORDANT_NULL
8:7750000-12250000	t2d-stroke	0.0120	0.0092	0.0080	0.0012	0.610	CONCORDANT_NULL
9:26750000-32250000	t2d-stroke	0.0120	0.0285	0.0085	0.0200	0.687	CONCORDANT_NULL
14:96750000-105250000	t2d-stroke	0.0120	0.0521	0.0081	0.0440	0.633	CONCORDANT_NULL
4:19750000-22250000	t2d-stroke	0.0120	0.0049	0.0083	-0.0034	0.656	CONCORDANT_NULL
11:59750000-62250000	t2d-stroke	0.0120	0.0054	0.0087	-0.0033	0.734	CONCORDANT_NULL
9:32750000-38250000	t2d-stroke	0.0119	0.0092	0.0082	0.0010	0.656	CONCORDANT_NULL
5:109750000-116250000	t2d-stroke	0.0117	0.0368	0.0080	0.0288	0.641	CONCORDANT_NULL
8:71750000-75250000	t2d-stroke	0.0116	0.0092	0.0080	0.0012	0.651	CONCORDANT_NULL
1:30750000-35250000	t2d-stroke	0.0115	0.0102	0.0081	0.0021	0.685	CONCORDANT_NULL
3:79750000-91250000	t2d-stroke	0.0115	0.0265	0.0082	0.0183	0.708	CONCORDANT_NULL
16:85750000-88250000	t2d-stroke	0.0113	0.0064	0.0079	-0.0015	0.674	CONCORDANT_NULL
6:99750000-102250000	t2d-stroke	0.0113	0.0119	0.0074	0.0045	0.597	CONCORDANT_NULL
11:127750000-129250000	t2d-stroke	0.0112	0.0026	0.0073	-0.0047	0.582	CONCORDANT_NULL
11:0-5250000	t2d-stroke	0.0111	0.0443	0.0073	0.0370	0.603	CONCORDANT_NULL
5:104750000-109250000	t2d-stroke	0.0110	0.0080	0.0070	0.0010	0.559	CONCORDANT_NULL
10:52750000-54250000	t2d-stroke	0.0109	0.0033	0.0072	-0.0039	0.605	CONCORDANT_NULL
7:67750000-81250000	t2d-stroke	0.0108	0.0516	0.0075	0.0441	0.662	CONCORDANT_NULL
8:79750000-83250000	t2d-stroke	0.0108	0.0075	0.0077	-0.0002	0.705	CONCORDANT_NULL
13:21750000-23250000	t2d-stroke	0.0108	0.0038	0.0073	-0.0035	0.633	CONCORDANT_NULL
6:140750000-145250000	t2d-stroke	0.0108	0.0180	0.0079	0.0101	0.733	CONCORDANT_NULL
18:59750000-61250000	t2d-stroke	0.0107	0.0050	0.0068	-0.0018	0.552	CONCORDANT_NULL
1:163750000-165250000	t2d-stroke	0.0106	0.0060	0.0071	-0.0011	0.623	CONCORDANT_NULL
11:129750000-135250000	t2d-stroke	0.0106	0.0077	0.0071	0.0006	0.618	CONCORDANT_NULL
7:88750000-91250000	t2d-stroke	0.0106	0.0031	0.0071	-0.0040	0.628	CONCORDANT_NULL
9:116750000-121250000	t2d-stroke	0.0105	0.0053	0.0071	-0.0018	0.639	CONCORDANT_NULL
7:101750000-104250000	t2d-asthma	0.0104	0.0194	0.0088	0.0106	63.620	CONCORDANT_NULL
8:24750000-29250000	t2d-stroke	0.0104	0.0190	0.0072	0.0118	0.658	CONCORDANT_NULL
5:99750000-104250000	t2d-stroke	0.0104	0.0122	0.0071	0.0051	0.638	CONCORDANT_NULL
6:6750000-10250000	t2d-stroke	0.0104	0.0322	0.0071	0.0251	0.653	CONCORDANT_NULL
6:89750000-91250000	t2d-asthma	0.0104	0.0161	0.0088	0.0073	64.150	CONCORDANT_NULL
5:150750000-155250000	t2d-stroke	0.0103	0.0092	0.0067	0.0025	0.583	CONCORDANT_NULL
9:138750000-141250000	t2d-stroke	0.0103	0.0430	0.0070	0.0360	0.648	CONCORDANT_NULL
8:107750000-109250000	t2d-asthma	0.0103	0.0181	0.0088	0.0093	56.911	CONCORDANT_NULL
11:75750000-79250000	t2d-stroke	0.0102	0.0085	0.0077	0.0008	0.780	CONCORDANT_NULL
8:128750000-130250000	t2d-asthma	0.0100	0.0112	0.0085	0.0027	73.969	CONCORDANT_NULL
5:54750000-58250000	t2d-stroke	0.0099	0.0216	0.0070	0.0146	0.689	CONCORDANT_NULL
5:99750000-104250000	t2d-asthma	0.0099	0.0307	0.0084	0.0223	60.179	CONCORDANT_NULL
8:16750000-18250000	t2d-stroke	0.0099	0.0414	0.0066	0.0348	0.621	CONCORDANT_NULL
12:37750000-40250000	stroke-asthma	0.0098	0.0097	0.0083	0.0014	87.831	CONCORDANT_NULL
7:154750000-158250000	t2d-stroke	0.0097	0.0291	0.0065	0.0226	0.628	CONCORDANT_NULL
4:152750000-154250000	t2d-stroke	0.0097	0.0177	0.0060	0.0117	0.523	CONCORDANT_NULL
12:88750000-92250000	t2d-stroke	0.0096	0.0444	0.0066	0.0378	0.647	CONCORDANT_NULL
13:52750000-55250000	t2d-stroke	0.0096	0.0192	0.0063	0.0129	0.603	CONCORDANT_NULL
3:172750000-174250000	t2d-stroke	0.0096	0.0030	0.0067	-0.0037	0.664	CONCORDANT_NULL
8:125750000-128250000	t2d-stroke	0.0095	0.0051	0.0068	-0.0017	0.709	CONCORDANT_NULL
6:95750000-99250000	stroke-asthma	0.0095	0.0098	0.0081	0.0017	76.145	CONCORDANT_NULL
10:29750000-35250000	t2d-stroke	0.0094	0.0074	0.0068	0.0006	0.728	CONCORDANT_NULL
5:156750000-160250000	t2d-stroke	0.0093	0.0078	0.0060	0.0018	0.578	CONCORDANT_NULL
2:119750000-122250000	t2d-stroke	0.0093	0.0209	0.0063	0.0146	0.644	CONCORDANT_NULL
3:172750000-174250000	t2d-asthma	0.0092	0.0122	0.0078	0.0044	90.958	CONCORDANT_NULL
3:126750000-129250000	stroke-asthma	0.0091	0.0115	0.0077	0.0038	69.438	CONCORDANT_NULL
9:86750000-90250000	t2d-stroke	0.0091	0.0051	0.0062	-0.0011	0.643	CONCORDANT_NULL
7:43750000-47250000	t2d-stroke	0.0091	0.1280	0.0059	0.1221	0.576	AFR_ENRICHED
2:126750000-128250000	t2d-stroke	0.0090	0.0046	0.0059	-0.0013	0.604	CONCORDANT_NULL
8:61750000-63250000	t2d-stroke	0.0090	0.0037	0.0063	-0.0026	0.688	CONCORDANT_NULL
15:50750000-54250000	t2d-stroke	0.0090	0.0091	0.0066	0.0025	0.752	CONCORDANT_NULL
20:7750000-13250000	t2d-stroke	0.0090	0.0086	0.0062	0.0024	0.663	CONCORDANT_NULL
20:750000-5250000	t2d-stroke	0.0090	0.0057	0.0060	-0.0003	0.621	CONCORDANT_NULL
17:750000-8250000	t2d-stroke	0.0089	0.0218	0.0060	0.0158	0.636	CONCORDANT_NULL
6:62750000-65250000	t2d-stroke	0.0088	0.0127	0.0060	0.0067	0.634	CONCORDANT_NULL
8:94750000-97250000	t2d-stroke	0.0087	0.0320	0.0059	0.0261	0.638	CONCORDANT_NULL
5:85750000-93250000	t2d-stroke	0.0085	0.0315	0.0055	0.0260	0.580	CONCORDANT_NULL
11:26750000-33250000	t2d-stroke	0.0084	0.0149	0.0057	0.0092	0.637	CONCORDANT_NULL
15:84750000-87250000	t2d-stroke	0.0084	0.0163	0.0052	0.0111	0.524	CONCORDANT_NULL
16:5750000-8250000	t2d-stroke	0.0084	0.0118	0.0060	0.0058	0.699	CONCORDANT_NULL
2:240750000-242250000	t2d-asthma	0.0082	0.0129	0.0070	0.0059	56.811	CONCORDANT_NULL
4:84750000-87250000	t2d-asthma	0.0082	0.0248	0.0070	0.0178	67.516	CONCORDANT_NULL
12:46750000-59250000	t2d-stroke	0.0082	0.0527	0.0057	0.0470	0.679	CONCORDANT_NULL
2:141750000-150250000	t2d-stroke	0.0082	0.0102	0.0055	0.0047	0.626	CONCORDANT_NULL
15:25750000-28250000	t2d-stroke	0.0081	0.0039	0.0056	-0.0017	0.654	CONCORDANT_NULL
17:8750000-10250000	t2d-stroke	0.0081	0.0037	0.0054	-0.0017	0.615	CONCORDANT_NULL
11:34750000-36250000	t2d-asthma	0.0081	0.0125	0.0069	0.0056	60.911	CONCORDANT_NULL
12:65750000-72250000	t2d-stroke	0.0081	0.0444	0.0055	0.0389	0.641	CONCORDANT_NULL
6:95750000-99250000	t2d-stroke	0.0080	0.0071	0.0051	0.0020	0.563	CONCORDANT_NULL
7:148750000-152250000	t2d-asthma	0.0080	0.0253	0.0068	0.0185	69.029	CONCORDANT_NULL
3:192750000-198250000	t2d-stroke	0.0080	0.0109	0.0051	0.0058	0.569	CONCORDANT_NULL
3:175750000-178250000	t2d-stroke	0.0080	0.0070	0.0053	0.0017	0.612	CONCORDANT_NULL
13:71750000-74250000	t2d-stroke	0.0080	0.0062	0.0051	0.0011	0.553	CONCORDANT_NULL
8:104750000-107250000	t2d-stroke	0.0079	0.0072	0.0053	0.0019	0.620	CONCORDANT_NULL
11:94750000-98250000	t2d-stroke	0.0079	0.0169	0.0051	0.0118	0.577	CONCORDANT_NULL
11:44750000-52250000	t2d-stroke	0.0079	0.0066	0.0050	0.0016	0.561	CONCORDANT_NULL
1:30750000-35250000	t2d-asthma	0.0078	0.0344	0.0066	0.0278	63.240	CONCORDANT_NULL
14:87750000-89250000	t2d-stroke	0.0078	0.0092	0.0056	0.0036	0.725	CONCORDANT_NULL
12:131750000-134250000	t2d-stroke	0.0078	0.0106	0.0053	0.0053	0.637	CONCORDANT_NULL
4:142750000-149250000	stroke-asthma	0.0078	0.0167	0.0066	0.0101	80.362	CONCORDANT_NULL
17:63750000-67250000	t2d-stroke	0.0077	0.0082	0.0052	0.0030	0.633	CONCORDANT_NULL
3:26750000-31250000	t2d-stroke	0.0077	0.0070	0.0054	0.0016	0.677	CONCORDANT_NULL
1:216750000-220250000	t2d-stroke	0.0077	0.0084	0.0051	0.0033	0.600	CONCORDANT_NULL
5:41750000-44250000	t2d-stroke	0.0076	0.0026	0.0048	-0.0022	0.555	CONCORDANT_NULL
16:22750000-25250000	t2d-stroke	0.0075	0.0058	0.0051	0.0007	0.638	CONCORDANT_NULL
10:90750000-101250000	t2d-stroke	0.0075	0.0151	0.0049	0.0102	0.586	CONCORDANT_NULL
10:3750000-5250000	t2d-stroke	0.0074	0.0025	0.0045	-0.0020	0.520	CONCORDANT_NULL
7:111750000-115250000	t2d-stroke	0.0074	0.0050	0.0049	0.0001	0.596	CONCORDANT_NULL
17:37750000-50250000	t2d-stroke	0.0074	0.0248	0.0049	0.0199	0.605	CONCORDANT_NULL
2:18750000-21250000	t2d-stroke	0.0074	0.0097	0.0049	0.0048	0.609	CONCORDANT_NULL
3:132750000-139250000	t2d-stroke	0.0074	0.0056	0.0048	0.0008	0.579	CONCORDANT_NULL
10:123750000-127250000	t2d-stroke	0.0073	0.0118	0.0047	0.0071	0.584	CONCORDANT_NULL
3:155750000-159250000	t2d-stroke	0.0073	0.0048	0.0051	-0.0003	0.666	CONCORDANT_NULL
12:119750000-125250000	t2d-stroke	0.0072	0.0260	0.0049	0.0211	0.634	CONCORDANT_NULL
7:4750000-8250000	t2d-stroke	0.0072	0.0085	0.0047	0.0038	0.592	CONCORDANT_NULL
7:48750000-52250000	t2d-stroke	0.0071	0.0064	0.0048	0.0016	0.636	CONCORDANT_NULL
22:49750000-51250000	t2d-stroke	0.0071	0.0120	0.0047	0.0073	0.600	CONCORDANT_NULL
4:142750000-149250000	t2d-stroke	0.0071	0.0083	0.0051	0.0032	0.726	CONCORDANT_NULL
3:60750000-67250000	t2d-stroke	0.0070	0.0156	0.0047	0.0109	0.612	CONCORDANT_NULL
4:100750000-107250000	t2d-stroke	0.0070	0.0239	0.0049	0.0190	0.672	CONCORDANT_NULL
13:37750000-42250000	t2d-stroke	0.0070	0.0181	0.0050	0.0131	0.708	CONCORDANT_NULL
13:49750000-52250000	t2d-stroke	0.0070	0.0100	0.0046	0.0054	0.590	CONCORDANT_NULL
20:14750000-18250000	t2d-stroke	0.0070	0.0083	0.0046	0.0037	0.598	CONCORDANT_NULL
7:12750000-23250000	t2d-stroke	0.0068	0.0519	0.0047	0.0472	0.649	CONCORDANT_NULL
4:88750000-90250000	t2d-stroke	0.0068	0.0191	0.0047	0.0144	0.656	CONCORDANT_NULL
16:48750000-55250000	t2d-stroke	0.0068	0.0459	0.0047	0.0412	0.660	CONCORDANT_NULL
2:84750000-87250000	t2d-stroke	0.0068	0.0071	0.0044	0.0027	0.568	CONCORDANT_NULL
8:40750000-42250000	t2d-stroke	0.0067	0.0369	0.0046	0.0323	0.658	CONCORDANT_NULL
10:20750000-24250000	t2d-stroke	0.0067	0.0050	0.0047	0.0003	0.680	CONCORDANT_NULL
2:34750000-38250000	t2d-stroke	0.0067	0.0069	0.0044	0.0025	0.601	CONCORDANT_NULL
1:14750000-18250000	t2d-stroke	0.0067	0.0192	0.0046	0.0146	0.649	CONCORDANT_NULL
9:80750000-83250000	t2d-stroke	0.0067	0.0129	0.0046	0.0083	0.639	CONCORDANT_NULL
17:58750000-63250000	t2d-stroke	0.0066	0.0050	0.0048	0.0002	0.730	CONCORDANT_NULL
2:180750000-184250000	t2d-stroke	0.0065	0.0059	0.0042	0.0017	0.591	CONCORDANT_NULL
10:79750000-83250000	t2d-stroke	0.0065	0.0102	0.0044	0.0058	0.641	CONCORDANT_NULL
9:0-3250000	t2d-stroke	0.0064	0.0067	0.0046	0.0021	0.717	CONCORDANT_NULL
22:17750000-21250000	t2d-stroke	0.0064	0.0054	0.0043	0.0011	0.615	CONCORDANT_NULL
14:66750000-71250000	t2d-stroke	0.0064	0.0126	0.0040	0.0086	0.535	CONCORDANT_NULL
10:130750000-132250000	t2d-stroke	0.0064	0.0033	0.0043	-0.0010	0.611	CONCORDANT_NULL
19:750000-2250000	t2d-stroke	0.0064	0.0088	0.0044	0.0044	0.654	CONCORDANT_NULL
9:100750000-105250000	t2d-stroke	0.0064	0.0049	0.0041	0.0008	0.565	CONCORDANT_NULL
4:15750000-19250000	t2d-stroke	0.0064	0.0048	0.0042	0.0006	0.605	CONCORDANT_NULL
13:93750000-95250000	t2d-stroke	0.0064	0.0057	0.0047	0.0010	0.731	CONCORDANT_NULL
21:29750000-31250000	t2d-stroke	0.0063	0.0030	0.0049	-0.0019	0.822	CONCORDANT_NULL
5:138750000-143250000	t2d-stroke	0.0062	0.0072	0.0042	0.0030	0.631	CONCORDANT_NULL
1:76750000-81250000	t2d-stroke	0.0061	0.0097	0.0042	0.0055	0.648	CONCORDANT_NULL
12:0-3250000	t2d-stroke	0.0061	0.0064	0.0041	0.0023	0.612	CONCORDANT_NULL
7:136750000-141250000	t2d-stroke	0.0061	0.0062	0.0042	0.0020	0.646	CONCORDANT_NULL
1:111750000-114250000	t2d-stroke	0.0060	0.0057	0.0042	0.0015	0.667	CONCORDANT_NULL
1:170750000-178250000	t2d-stroke	0.0060	0.0200	0.0040	0.0160	0.617	CONCORDANT_NULL
19:43750000-48250000	t2d-stroke	0.0060	0.0193	0.0041	0.0152	0.642	CONCORDANT_NULL
5:65750000-69250000	t2d-stroke	0.0060	0.0225	0.0040	0.0185	0.620	CONCORDANT_NULL
1:166750000-168250000	t2d-stroke	0.0060	0.0026	0.0041	-0.0015	0.638	CONCORDANT_NULL
10:74750000-79250000	t2d-stroke	0.0060	0.0213	0.0045	0.0168	0.779	CONCORDANT_NULL
7:101750000-104250000	t2d-stroke	0.0060	0.0222	0.0044	0.0178	0.749	CONCORDANT_NULL
12:30750000-32250000	t2d-stroke	0.0059	0.0062	0.0040	0.0022	0.630	CONCORDANT_NULL
1:21750000-26250000	t2d-stroke	0.0059	0.0160	0.0042	0.0118	0.690	CONCORDANT_NULL
1:750000-4250000	t2d-stroke	0.0059	0.0098	0.0041	0.0057	0.654	CONCORDANT_NULL
13:57750000-61250000	stroke-asthma	0.0058	0.0173	0.0049	0.0124	54.632	CONCORDANT_NULL
4:82750000-84250000	t2d-stroke	0.0058	0.0030	0.0041	-0.0011	0.707	CONCORDANT_NULL
19:20750000-23250000	t2d-stroke	0.0058	0.0066	0.0044	0.0022	0.787	CONCORDANT_NULL
9:12750000-17250000	t2d-stroke	0.0058	0.0108	0.0041	0.0067	0.687	CONCORDANT_NULL
2:195750000-197250000	t2d-stroke	0.0058	0.0025	0.0042	-0.0017	0.740	CONCORDANT_NULL
22:39750000-43250000	t2d-stroke	0.0057	0.0036	0.0040	-0.0004	0.692	CONCORDANT_NULL
15:97750000-101250000	t2d-stroke	0.0057	0.0060	0.0040	0.0020	0.683	CONCORDANT_NULL
3:76750000-79250000	t2d-stroke	0.0057	0.0042	0.0043	-0.0001	0.773	CONCORDANT_NULL
1:61750000-63250000	t2d-stroke	0.0056	0.0048	0.0039	0.0009	0.671	CONCORDANT_NULL
1:144750000-147250000	t2d-stroke	0.0056	0.0038	0.0041	-0.0003	0.730	CONCORDANT_NULL
13:95750000-100250000	t2d-stroke	0.0055	0.0114	0.0038	0.0076	0.645	CONCORDANT_NULL
4:66750000-69250000	t2d-stroke	0.0055	0.0036	0.0039	-0.0003	0.706	CONCORDANT_NULL
3:34750000-36250000	t2d-stroke	0.0055	0.0042	0.0036	0.0006	0.596	CONCORDANT_NULL
5:34750000-36250000	t2d-stroke	0.0055	0.0036	0.0037	-0.0001	0.622	CONCORDANT_NULL
8:131750000-133250000	t2d-stroke	0.0055	0.0172	0.0035	0.0137	0.569	CONCORDANT_NULL
6:132750000-136250000	t2d-stroke	0.0055	0.0071	0.0039	0.0032	0.690	CONCORDANT_NULL
7:105750000-108250000	t2d-stroke	0.0055	0.0147	0.0036	0.0111	0.601	CONCORDANT_NULL
5:126750000-129250000	t2d-stroke	0.0055	0.0062	0.0037	0.0025	0.613	CONCORDANT_NULL
3:19750000-21250000	t2d-stroke	0.0055	0.0063	0.0038	0.0025	0.674	CONCORDANT_NULL
1:106750000-111250000	t2d-stroke	0.0054	0.0090	0.0038	0.0052	0.690	CONCORDANT_NULL
11:88750000-91250000	t2d-stroke	0.0054	0.0099	0.0038	0.0061	0.702	CONCORDANT_NULL
13:35750000-37250000	t2d-stroke	0.0054	0.0051	0.0036	0.0015	0.612	CONCORDANT_NULL
11:101750000-103250000	t2d-stroke	0.0054	0.0056	0.0036	0.0020	0.617	CONCORDANT_NULL
1:88750000-91250000	t2d-stroke	0.0054	0.0030	0.0038	-0.0008	0.701	CONCORDANT_NULL
13:77750000-82250000	t2d-stroke	0.0054	0.0207	0.0036	0.0171	0.613	CONCORDANT_NULL
15:37750000-39250000	t2d-stroke	0.0053	0.0230	0.0036	0.0194	0.626	CONCORDANT_NULL
11:94750000-98250000	t2d-asthma	0.0053	0.0439	0.0045	0.0394	65.265	CONCORDANT_NULL
3:167750000-172250000	t2d-stroke	0.0052	0.0336	0.0036	0.0300	0.662	CONCORDANT_NULL
4:24750000-27250000	t2d-stroke	0.0052	0.0045	0.0037	0.0008	0.688	CONCORDANT_NULL
6:14750000-16250000	t2d-stroke	0.0052	0.0192	0.0035	0.0157	0.643	CONCORDANT_NULL
19:38750000-43250000	t2d-stroke	0.0052	0.0363	0.0036	0.0327	0.651	CONCORDANT_NULL
8:750000-2250000	t2d-stroke	0.0052	0.0042	0.0035	0.0007	0.629	CONCORDANT_NULL
10:101750000-108250000	t2d-stroke	0.0052	0.0253	0.0035	0.0218	0.630	CONCORDANT_NULL
3:106750000-109250000	t2d-stroke	0.0051	0.0077	0.0034	0.0043	0.615	CONCORDANT_NULL
5:0-2250000	t2d-stroke	0.0051	0.0053	0.0032	0.0021	0.548	CONCORDANT_NULL
2:51750000-54250000	t2d-stroke	0.0051	0.0059	0.0036	0.0023	0.700	CONCORDANT_NULL
8:35750000-37250000	t2d-stroke	0.0051	0.0131	0.0043	0.0088	0.985	CONCORDANT_NULL
2:14750000-17250000	t2d-stroke	0.0050	0.1235	0.0032	0.1203	0.559	AFR_ENRICHED
2:170750000-176250000	t2d-stroke	0.0050	0.0069	0.0032	0.0037	0.553	CONCORDANT_NULL
15:39750000-45250000	t2d-stroke	0.0050	0.0152	0.0037	0.0115	0.775	CONCORDANT_NULL
18:75750000-77250000	t2d-stroke	0.0049	0.0037	0.0031	0.0006	0.557	CONCORDANT_NULL
19:50750000-52250000	t2d-stroke	0.0049	0.0035	0.0032	0.0003	0.606	CONCORDANT_NULL
12:95750000-100250000	t2d-stroke	0.0049	0.0067	0.0032	0.0035	0.584	CONCORDANT_NULL
8:107750000-109250000	t2d-stroke	0.0049	0.0023	0.0036	-0.0013	0.728	CONCORDANT_NULL
14:76750000-78250000	t2d-stroke	0.0049	0.0087	0.0034	0.0053	0.658	CONCORDANT_NULL
15:65750000-70250000	t2d-stroke	0.0049	0.0056	0.0034	0.0022	0.670	CONCORDANT_NULL
4:37750000-41250000	t2d-stroke	0.0049	0.0090	0.0032	0.0058	0.601	CONCORDANT_NULL
9:7750000-12250000	t2d-stroke	0.0049	0.0122	0.0033	0.0089	0.646	CONCORDANT_NULL
12:25750000-28250000	t2d-stroke	0.0048	0.0190	0.0032	0.0158	0.613	CONCORDANT_NULL
8:88750000-91250000	t2d-stroke	0.0048	0.0096	0.0033	0.0063	0.662	CONCORDANT_NULL
18:49750000-59250000	t2d-stroke	0.0048	0.0256	0.0032	0.0224	0.621	CONCORDANT_NULL
1:71750000-76250000	t2d-stroke	0.0048	0.0093	0.0034	0.0059	0.680	CONCORDANT_NULL
2:99750000-103250000	t2d-stroke	0.0048	0.0045	0.0033	0.0012	0.635	CONCORDANT_NULL
11:83750000-86250000	t2d-stroke	0.0048	0.0123	0.0032	0.0091	0.629	CONCORDANT_NULL
19:29750000-35250000	t2d-stroke	0.0048	0.0103	0.0033	0.0070	0.639	CONCORDANT_NULL
16:65750000-78250000	t2d-stroke	0.0048	0.0550	0.0034	0.0516	0.678	CONCORDANT_NULL
11:7750000-12250000	t2d-stroke	0.0048	0.0205	0.0033	0.0172	0.663	CONCORDANT_NULL
2:235750000-237250000	t2d-stroke	0.0048	0.0036	0.0034	0.0002	0.675	CONCORDANT_NULL
13:37750000-42250000	t2d-asthma	0.0048	0.0420	0.0041	0.0379	64.857	CONCORDANT_NULL
3:130750000-132250000	t2d-stroke	0.0048	0.0039	0.0034	0.0005	0.688	CONCORDANT_NULL
6:4750000-6250000	t2d-stroke	0.0048	0.0318	0.0031	0.0287	0.586	CONCORDANT_NULL
10:83750000-85250000	t2d-stroke	0.0047	0.0055	0.0033	0.0022	0.701	CONCORDANT_NULL
19:48750000-50250000	t2d-stroke	0.0047	0.0045	0.0033	0.0012	0.667	CONCORDANT_NULL
4:5750000-7250000	t2d-stroke	0.0047	0.0037	0.0030	0.0007	0.576	CONCORDANT_NULL
13:57750000-61250000	t2d-stroke	0.0047	0.0084	0.0030	0.0054	0.550	CONCORDANT_NULL
13:24750000-29250000	t2d-stroke	0.0047	0.0179	0.0032	0.0147	0.630	CONCORDANT_NULL
1:208750000-211250000	t2d-stroke	0.0047	0.0183	0.0031	0.0152	0.618	CONCORDANT_NULL
5:13750000-15250000	t2d-stroke	0.0047	0.0662	0.0032	0.0630	0.645	CONCORDANT_NULL
14:59750000-61250000	t2d-stroke	0.0047	0.0019	0.0029	-0.0010	0.540	CONCORDANT_NULL
16:1750000-5250000	t2d-stroke	0.0047	0.0281	0.0035	0.0246	0.762	CONCORDANT_NULL
12:32750000-34250000	t2d-stroke	0.0047	0.0351	0.0033	0.0318	0.680	CONCORDANT_NULL
8:29750000-31250000	t2d-stroke	0.0047	0.0076	0.0033	0.0043	0.680	CONCORDANT_NULL
2:23750000-30250000	t2d-stroke	0.0047	0.0119	0.0030	0.0089	0.576	CONCORDANT_NULL
2:233750000-235250000	t2d-asthma	0.0047	0.0121	0.0040	0.0081	51.896	CONCORDANT_NULL
1:188750000-192250000	t2d-stroke	0.0047	0.0111	0.0032	0.0079	0.658	CONCORDANT_NULL
20:46750000-52250000	t2d-stroke	0.0047	0.0194	0.0031	0.0163	0.615	CONCORDANT_NULL
16:26750000-32250000	t2d-stroke	0.0046	0.0076	0.0034	0.0042	0.759	CONCORDANT_NULL
11:7750000-12250000	t2d-asthma	0.0046	0.0959	0.0039	0.0920	55.832	CONCORDANT_NULL
1:241750000-245250000	t2d-asthma	0.0046	0.0388	0.0039	0.0349	74.915	CONCORDANT_NULL
5:175750000-177250000	t2d-stroke	0.0046	0.0035	0.0030	0.0005	0.595	CONCORDANT_NULL
8:100750000-104250000	t2d-stroke	0.0046	0.0057	0.0031	0.0026	0.628	CONCORDANT_NULL
4:135750000-139250000	t2d-stroke	0.0046	0.0053	0.0030	0.0023	0.593	CONCORDANT_NULL
2:168750000-170250000	t2d-stroke	0.0046	0.0040	0.0033	0.0007	0.700	CONCORDANT_NULL
14:90750000-95250000	t2d-stroke	0.0046	0.0143	0.0031	0.0112	0.619	CONCORDANT_NULL
1:200750000-206250000	t2d-stroke	0.0045	0.0437	0.0030	0.0407	0.608	CONCORDANT_NULL
14:32750000-34250000	t2d-stroke	0.0045	0.0054	0.0030	0.0024	0.630	CONCORDANT_NULL
10:15750000-20250000	t2d-stroke	0.0044	0.0088	0.0031	0.0057	0.693	CONCORDANT_NULL
20:18750000-22250000	t2d-stroke	0.0044	0.0036	0.0030	0.0006	0.640	CONCORDANT_NULL
4:29750000-32250000	t2d-stroke	0.0044	0.0045	0.0027	0.0018	0.521	CONCORDANT_NULL
6:86750000-88250000	t2d-asthma	0.0044	0.0123	0.0037	0.0086	55.916	CONCORDANT_NULL
3:31750000-34250000	t2d-stroke	0.0044	0.0044	0.0029	0.0015	0.606	CONCORDANT_NULL
13:64750000-68250000	t2d-stroke	0.0044	0.0071	0.0030	0.0041	0.647	CONCORDANT_NULL
12:117750000-119250000	t2d-stroke	0.0044	0.0064	0.0030	0.0034	0.653	CONCORDANT_NULL
6:11750000-14250000	t2d-stroke	0.0044	0.0102	0.0031	0.0071	0.683	CONCORDANT_NULL
5:79750000-82250000	t2d-stroke	0.0044	0.0085	0.0028	0.0057	0.560	CONCORDANT_NULL
4:118750000-121250000	t2d-stroke	0.0043	0.0073	0.0029	0.0044	0.618	CONCORDANT_NULL
1:220750000-222250000	t2d-stroke	0.0043	0.0088	0.0028	0.0060	0.603	CONCORDANT_NULL
5:48750000-54250000	t2d-stroke	0.0043	0.0293	0.0029	0.0264	0.624	CONCORDANT_NULL
17:26750000-33250000	t2d-stroke	0.0043	0.0232	0.0030	0.0202	0.670	CONCORDANT_NULL
14:59750000-61250000	t2d-asthma	0.0043	0.0102	0.0037	0.0065	62.133	CONCORDANT_NULL
4:43750000-46250000	t2d-stroke	0.0043	0.0182	0.0029	0.0153	0.649	CONCORDANT_NULL
16:13750000-16250000	t2d-stroke	0.0042	0.0037	0.0029	0.0008	0.673	CONCORDANT_NULL
13:84750000-87250000	t2d-stroke	0.0042	0.0078	0.0027	0.0051	0.553	CONCORDANT_NULL
14:22750000-26250000	t2d-stroke	0.0042	0.0070	0.0030	0.0040	0.684	CONCORDANT_NULL
9:132750000-134250000	t2d-stroke	0.0042	0.0056	0.0027	0.0029	0.569	CONCORDANT_NULL
8:13750000-16250000	t2d-stroke	0.0041	0.0957	0.0029	0.0928	0.697	CONCORDANT_NULL
6:125750000-132250000	t2d-stroke	0.0041	0.0090	0.0028	0.0062	0.647	CONCORDANT_NULL
20:5750000-7250000	t2d-stroke	0.0041	0.0051	0.0028	0.0023	0.636	CONCORDANT_NULL
8:128750000-130250000	t2d-stroke	0.0041	0.0030	0.0028	0.0002	0.668	CONCORDANT_NULL
10:132750000-135250000	t2d-stroke	0.0041	0.0055	0.0026	0.0029	0.546	CONCORDANT_NULL
10:117750000-119250000	t2d-stroke	0.0041	0.0044	0.0030	0.0014	0.740	CONCORDANT_NULL
12:93750000-95250000	t2d-stroke	0.0040	0.0078	0.0027	0.0051	0.616	CONCORDANT_NULL
10:86750000-90250000	t2d-stroke	0.0040	0.0096	0.0026	0.0070	0.594	CONCORDANT_NULL
2:0-1250000	t2d-stroke	0.0040	0.0155	0.0029	0.0126	0.717	CONCORDANT_NULL
1:95750000-99250000	t2d-stroke	0.0040	0.0397	0.0026	0.0371	0.579	CONCORDANT_NULL
6:138750000-140250000	t2d-stroke	0.0040	0.0102	0.0028	0.0074	0.672	CONCORDANT_NULL
22:33750000-37250000	t2d-stroke	0.0040	0.0092	0.0027	0.0065	0.633	CONCORDANT_NULL
13:61750000-63250000	t2d-stroke	0.0039	0.0021	0.0025	-0.0004	0.567	CONCORDANT_NULL
5:129750000-134250000	t2d-stroke	0.0039	0.0101	0.0029	0.0072	0.743	CONCORDANT_NULL
17:20750000-22250000	t2d-stroke	0.0039	0.0023	0.0026	-0.0003	0.605	CONCORDANT_NULL
12:7750000-10250000	t2d-stroke	0.0039	0.0107	0.0028	0.0079	0.728	CONCORDANT_NULL
6:146750000-148250000	t2d-stroke	0.0039	0.0025	0.0027	-0.0002	0.644	CONCORDANT_NULL
17:14750000-17250000	t2d-stroke	0.0038	0.0058	0.0027	0.0031	0.693	CONCORDANT_NULL
1:193750000-196250000	t2d-stroke	0.0038	0.0087	0.0026	0.0061	0.658	CONCORDANT_NULL
3:55750000-58250000	t2d-stroke	0.0038	0.0153	0.0025	0.0128	0.612	CONCORDANT_NULL
8:119750000-121250000	t2d-stroke	0.0038	0.0056	0.0027	0.0029	0.674	CONCORDANT_NULL
5:171750000-174250000	t2d-stroke	0.0038	0.0040	0.0025	0.0015	0.590	CONCORDANT_NULL
5:166750000-169250000	t2d-stroke	0.0038	0.0177	0.0024	0.0153	0.571	CONCORDANT_NULL
7:120750000-124250000	t2d-stroke	0.0038	0.0061	0.0026	0.0035	0.634	CONCORDANT_NULL
7:31750000-33250000	t2d-stroke	0.0038	0.0099	0.0027	0.0072	0.713	CONCORDANT_NULL
1:91750000-95250000	t2d-stroke	0.0038	0.0104	0.0027	0.0077	0.690	CONCORDANT_NULL
2:103750000-106250000	t2d-stroke	0.0038	0.0039	0.0026	0.0013	0.627	CONCORDANT_NULL
3:22750000-26250000	t2d-stroke	0.0037	0.0447	0.0024	0.0423	0.592	CONCORDANT_NULL
18:68750000-70250000	t2d-stroke	0.0037	0.0059	0.0025	0.0034	0.632	CONCORDANT_NULL
3:160750000-162250000	t2d-stroke	0.0037	0.0026	0.0025	0.0001	0.614	CONCORDANT_NULL
8:3750000-5250000	t2d-stroke	0.0037	0.0053	0.0025	0.0028	0.621	CONCORDANT_NULL
1:178750000-181250000	t2d-stroke	0.0037	0.0085	0.0025	0.0060	0.628	CONCORDANT_NULL
8:22750000-24250000	t2d-stroke	0.0037	0.0126	0.0026	0.0100	0.665	CONCORDANT_NULL
8:94750000-97250000	t2d-asthma	0.0037	0.0283	0.0031	0.0252	62.881	CONCORDANT_NULL
14:71750000-74250000	t2d-stroke	0.0036	0.0152	0.0024	0.0128	0.639	CONCORDANT_NULL
13:88750000-90250000	t2d-stroke	0.0036	0.0133	0.0021	0.0112	0.476	CONCORDANT_NULL
8:66750000-69250000	t2d-stroke	0.0036	0.0084	0.0024	0.0060	0.632	CONCORDANT_NULL
1:91750000-95250000	t2d-asthma	0.0036	0.0242	0.0031	0.0211	68.848	CONCORDANT_NULL
3:126750000-129250000	t2d-stroke	0.0036	0.0040	0.0026	0.0014	0.694	CONCORDANT_NULL
14:37750000-39250000	t2d-stroke	0.0036	0.0049	0.0024	0.0025	0.633	CONCORDANT_NULL
2:21750000-23250000	t2d-stroke	0.0036	0.0042	0.0026	0.0016	0.726	CONCORDANT_NULL
2:240750000-242250000	t2d-stroke	0.0036	0.0062	0.0025	0.0037	0.649	CONCORDANT_NULL
8:19750000-21250000	t2d-stroke	0.0036	0.0188	0.0022	0.0166	0.526	CONCORDANT_NULL
5:120750000-125250000	t2d-stroke	0.0036	0.0172	0.0024	0.0148	0.595	CONCORDANT_NULL
5:120750000-125250000	t2d-asthma	0.0036	0.0386	0.0031	0.0355	65.411	CONCORDANT_NULL
2:49750000-51250000	t2d-stroke	0.0036	0.0027	0.0027	0.0000	0.769	CONCORDANT_NULL
18:38750000-43250000	t2d-stroke	0.0036	0.0137	0.0025	0.0112	0.668	CONCORDANT_NULL
1:235750000-237250000	t2d-stroke	0.0035	0.0037	0.0025	0.0012	0.729	CONCORDANT_NULL
4:121750000-123250000	t2d-stroke	0.0035	0.0095	0.0021	0.0074	0.508	CONCORDANT_NULL
1:111750000-114250000	t2d-asthma	0.0035	0.0166	0.0030	0.0136	71.505	CONCORDANT_NULL
3:140750000-142250000	t2d-stroke	0.0035	0.0019	0.0022	-0.0003	0.537	CONCORDANT_NULL
1:53750000-55250000	t2d-stroke	0.0035	0.0049	0.0024	0.0025	0.632	CONCORDANT_NULL
18:12750000-14250000	t2d-stroke	0.0034	0.0035	0.0025	0.0010	0.732	CONCORDANT_NULL
9:3750000-7250000	t2d-stroke	0.0034	0.0390	0.0024	0.0366	0.685	CONCORDANT_NULL
8:115750000-119250000	t2d-stroke	0.0034	0.0302	0.0025	0.0277	0.758	CONCORDANT_NULL
9:83750000-85250000	t2d-asthma	0.0034	0.0123	0.0029	0.0094	57.968	CONCORDANT_NULL
7:128750000-132250000	t2d-stroke	0.0034	0.0073	0.0022	0.0051	0.582	CONCORDANT_NULL
1:213750000-215250000	t2d-stroke	0.0034	0.0052	0.0021	0.0031	0.536	CONCORDANT_NULL
4:47750000-50250000	t2d-asthma	0.0034	0.0132	0.0029	0.0103	52.405	CONCORDANT_NULL
8:75750000-78250000	t2d-stroke	0.0034	0.0063	0.0021	0.0042	0.505	CONCORDANT_NULL
14:39750000-42250000	t2d-stroke	0.0034	0.0048	0.0024	0.0024	0.693	CONCORDANT_NULL
12:11750000-13250000	t2d-stroke	0.0034	0.0093	0.0022	0.0071	0.568	CONCORDANT_NULL
2:5750000-7250000	t2d-stroke	0.0034	0.0033	0.0023	0.0010	0.660	CONCORDANT_NULL
4:27750000-29250000	t2d-stroke	0.0034	0.0031	0.0022	0.0009	0.589	CONCORDANT_NULL
2:70750000-74250000	t2d-stroke	0.0034	0.0091	0.0023	0.0068	0.610	CONCORDANT_NULL
4:19750000-22250000	t2d-asthma	0.0033	0.0300	0.0028	0.0272	54.147	CONCORDANT_NULL
20:60750000-64250000	t2d-stroke	0.0033	0.0064	0.0020	0.0044	0.497	CONCORDANT_NULL
8:31750000-35250000	t2d-stroke	0.0033	0.0091	0.0022	0.0069	0.626	CONCORDANT_NULL
12:22750000-25250000	t2d-stroke	0.0033	0.0441	0.0021	0.0420	0.539	CONCORDANT_NULL
4:154750000-159250000	t2d-stroke	0.0033	0.0097	0.0022	0.0075	0.629	CONCORDANT_NULL
7:33750000-36250000	t2d-stroke	0.0033	0.0780	0.0022	0.0758	0.632	CONCORDANT_NULL
15:34750000-37250000	t2d-stroke	0.0033	0.0201	0.0023	0.0178	0.653	CONCORDANT_NULL
2:202750000-209250000	t2d-asthma	0.0033	0.0451	0.0028	0.0423	64.149	CONCORDANT_NULL
5:163750000-166250000	t2d-stroke	0.0033	0.0077	0.0022	0.0055	0.613	CONCORDANT_NULL
5:93750000-98250000	t2d-stroke	0.0033	0.0114	0.0022	0.0092	0.638	CONCORDANT_NULL
16:55750000-57250000	t2d-stroke	0.0032	0.0039	0.0021	0.0018	0.622	CONCORDANT_NULL
4:64750000-66250000	t2d-stroke	0.0032	0.0081	0.0021	0.0060	0.618	CONCORDANT_NULL
1:226750000-231250000	t2d-stroke	0.0032	0.0161	0.0023	0.0138	0.731	CONCORDANT_NULL
4:72750000-75250000	t2d-stroke	0.0032	0.0038	0.0026	0.0012	0.883	CONCORDANT_NULL
3:106750000-109250000	t2d-asthma	0.0032	0.0171	0.0027	0.0144	71.556	CONCORDANT_NULL
2:233750000-235250000	t2d-stroke	0.0032	0.0100	0.0023	0.0077	0.701	CONCORDANT_NULL
22:37750000-39250000	t2d-stroke	0.0032	0.0022	0.0024	-0.0002	0.767	CONCORDANT_NULL
8:140750000-146250000	t2d-asthma	0.0032	0.0550	0.0027	0.0523	68.905	CONCORDANT_NULL
22:47750000-49250000	t2d-stroke	0.0032	0.0056	0.0022	0.0034	0.660	CONCORDANT_NULL
7:124750000-128250000	t2d-stroke	0.0031	0.0061	0.0022	0.0039	0.685	CONCORDANT_NULL
2:185750000-189250000	t2d-stroke	0.0031	0.0088	0.0022	0.0066	0.704	CONCORDANT_NULL
3:92750000-95250000	t2d-stroke	0.0031	0.0036	0.0023	0.0013	0.773	CONCORDANT_NULL
4:154750000-159250000	t2d-asthma	0.0031	0.0337	0.0026	0.0311	68.237	CONCORDANT_NULL
4:179750000-181250000	t2d-stroke	0.0031	0.0043	0.0021	0.0022	0.616	CONCORDANT_NULL
16:85750000-88250000	t2d-asthma	0.0031	0.0460	0.0026	0.0434	48.261	CONCORDANT_NULL
6:45750000-47250000	t2d-stroke	0.0031	0.0205	0.0021	0.0184	0.628	CONCORDANT_NULL
6:81750000-84250000	t2d-stroke	0.0031	0.0063	0.0022	0.0041	0.688	CONCORDANT_NULL
21:34750000-37250000	t2d-stroke	0.0030	0.0073	0.0021	0.0052	0.670	CONCORDANT_NULL
1:5750000-9250000	t2d-stroke	0.0030	0.0299	0.0022	0.0277	0.722	CONCORDANT_NULL
10:11750000-14250000	t2d-stroke	0.0030	0.0334	0.0020	0.0314	0.634	CONCORDANT_NULL
18:71750000-74250000	t2d-stroke	0.0030	0.0080	0.0020	0.0060	0.621	CONCORDANT_NULL
17:33750000-37250000	t2d-stroke	0.0030	0.0357	0.0020	0.0337	0.619	CONCORDANT_NULL
2:99750000-103250000	stroke-asthma	0.0030	0.0171	0.0026	0.0146	55.890	CONCORDANT_NULL
18:5750000-8250000	t2d-stroke	0.0030	0.0055	0.0022	0.0033	0.728	CONCORDANT_NULL
6:107750000-110250000	t2d-stroke	0.0030	0.0032	0.0020	0.0012	0.616	CONCORDANT_NULL
4:76750000-78250000	t2d-stroke	0.0030	0.0153	0.0022	0.0131	0.764	CONCORDANT_NULL
5:136750000-138250000	t2d-stroke	0.0030	0.0035	0.0019	0.0016	0.535	CONCORDANT_NULL
10:7750000-10250000	t2d-stroke	0.0030	0.0059	0.0019	0.0040	0.562	CONCORDANT_NULL
4:150750000-152250000	t2d-stroke	0.0029	0.0039	0.0022	0.0017	0.773	CONCORDANT_NULL
18:0-2250000	t2d-stroke	0.0029	0.0081	0.0020	0.0061	0.686	CONCORDANT_NULL
5:31750000-34250000	t2d-stroke	0.0029	0.0034	0.0020	0.0014	0.671	CONCORDANT_NULL
17:33750000-37250000	t2d-asthma	0.0029	0.0572	0.0025	0.0547	64.728	CONCORDANT_NULL
20:23750000-26250000	t2d-stroke	0.0029	0.0055	0.0020	0.0035	0.676	CONCORDANT_NULL
12:104750000-106250000	t2d-stroke	0.0029	0.0023	0.0020	0.0003	0.670	CONCORDANT_NULL
18:43750000-46250000	t2d-stroke	0.0029	0.0054	0.0019	0.0035	0.586	CONCORDANT_NULL
17:67750000-69250000	t2d-asthma	0.0029	0.0109	0.0025	0.0084	74.106	CONCORDANT_NULL
8:86750000-88250000	t2d-stroke	0.0029	0.0191	0.0020	0.0171	0.655	CONCORDANT_NULL
10:1750000-3250000	t2d-stroke	0.0029	0.0037	0.0018	0.0019	0.561	CONCORDANT_NULL
6:6750000-10250000	t2d-asthma	0.0029	0.0757	0.0025	0.0732	55.751	CONCORDANT_NULL
2:103750000-106250000	t2d-asthma	0.0028	0.0202	0.0024	0.0178	63.727	CONCORDANT_NULL
12:102750000-104250000	t2d-stroke	0.0028	0.0041	0.0018	0.0023	0.557	CONCORDANT_NULL
2:176750000-178250000	t2d-stroke	0.0028	0.0028	0.0018	0.0010	0.567	CONCORDANT_NULL
14:52750000-54250000	t2d-stroke	0.0028	0.0027	0.0021	0.0006	0.757	CONCORDANT_NULL
1:182750000-185250000	t2d-stroke	0.0028	0.0086	0.0019	0.0067	0.616	CONCORDANT_NULL
8:50750000-52250000	t2d-stroke	0.0028	0.0034	0.0020	0.0014	0.678	CONCORDANT_NULL
14:20750000-22250000	t2d-stroke	0.0028	0.0041	0.0019	0.0022	0.628	CONCORDANT_NULL
8:100750000-104250000	stroke-asthma	0.0028	0.0119	0.0024	0.0095	75.325	CONCORDANT_NULL
2:109750000-115250000	t2d-stroke	0.0028	0.0215	0.0019	0.0196	0.662	CONCORDANT_NULL
8:134750000-136250000	t2d-stroke	0.0028	0.0052	0.0018	0.0034	0.598	CONCORDANT_NULL
12:93750000-95250000	stroke-asthma	0.0027	0.0112	0.0023	0.0089	55.582	CONCORDANT_NULL
9:108750000-110250000	t2d-stroke	0.0027	0.0035	0.0018	0.0017	0.638	CONCORDANT_NULL
9:93750000-95250000	t2d-stroke	0.0027	0.0026	0.0016	0.0010	0.486	CONCORDANT_NULL
1:28750000-30250000	t2d-stroke	0.0027	0.0026	0.0018	0.0008	0.638	CONCORDANT_NULL
1:241750000-245250000	t2d-stroke	0.0027	0.0051	0.0019	0.0032	0.691	CONCORDANT_NULL
5:156750000-160250000	t2d-asthma	0.0027	0.0326	0.0023	0.0303	64.141	CONCORDANT_NULL
8:100750000-104250000	t2d-asthma	0.0027	0.0282	0.0023	0.0259	66.635	CONCORDANT_NULL
10:5750000-7250000	t2d-stroke	0.0026	0.0032	0.0017	0.0015	0.614	CONCORDANT_NULL
16:5750000-8250000	t2d-asthma	0.0026	0.0278	0.0022	0.0256	35.878	CONCORDANT_NULL
13:95750000-100250000	t2d-asthma	0.0026	0.0320	0.0022	0.0298	67.404	CONCORDANT_NULL
4:129750000-131250000	t2d-stroke	0.0026	0.0108	0.0020	0.0088	0.785	CONCORDANT_NULL
3:17750000-19250000	t2d-stroke	0.0026	0.0055	0.0016	0.0039	0.556	CONCORDANT_NULL
4:170750000-172250000	t2d-stroke	0.0026	0.0032	0.0017	0.0015	0.619	CONCORDANT_NULL
4:142750000-149250000	t2d-asthma	0.0025	0.0398	0.0021	0.0377	74.431	CONCORDANT_NULL
7:95750000-97250000	t2d-stroke	0.0025	0.0058	0.0018	0.0040	0.752	CONCORDANT_NULL
12:40750000-43250000	t2d-stroke	0.0025	0.0126	0.0018	0.0108	0.690	CONCORDANT_NULL
3:36750000-39250000	t2d-stroke	0.0025	0.0132	0.0018	0.0114	0.709	CONCORDANT_NULL
6:71750000-74250000	t2d-stroke	0.0025	0.0086	0.0016	0.0070	0.597	CONCORDANT_NULL
4:107750000-110250000	t2d-stroke	0.0025	0.0032	0.0016	0.0016	0.603	CONCORDANT_NULL
17:11750000-13250000	t2d-stroke	0.0024	0.0057	0.0017	0.0040	0.681	CONCORDANT_NULL
14:34750000-37250000	t2d-stroke	0.0024	0.0040	0.0017	0.0023	0.667	CONCORDANT_NULL
11:99750000-101250000	t2d-stroke	0.0024	0.0050	0.0015	0.0035	0.551	CONCORDANT_NULL
6:123750000-125250000	t2d-stroke	0.0024	0.0365	0.0016	0.0349	0.647	CONCORDANT_NULL
14:49750000-51250000	t2d-stroke	0.0024	0.0025	0.0016	0.0009	0.612	CONCORDANT_NULL
13:55750000-57250000	t2d-stroke	0.0024	0.0026	0.0018	0.0008	0.768	CONCORDANT_NULL
10:110750000-112250000	t2d-stroke	0.0024	0.0050	0.0018	0.0032	0.787	CONCORDANT_NULL
10:26750000-29250000	t2d-stroke	0.0024	0.0040	0.0017	0.0023	0.692	CONCORDANT_NULL
2:163750000-167250000	t2d-stroke	0.0024	0.0507	0.0017	0.0490	0.666	CONCORDANT_NULL
2:197750000-199250000	t2d-stroke	0.0024	0.0023	0.0017	0.0006	0.656	CONCORDANT_NULL
11:106750000-108250000	t2d-stroke	0.0024	0.0086	0.0017	0.0069	0.693	CONCORDANT_NULL
12:37750000-40250000	t2d-stroke	0.0024	0.0388	0.0020	0.0368	1.002	CONCORDANT_NULL
13:52750000-55250000	t2d-asthma	0.0023	0.0192	0.0020	0.0172	64.107	CONCORDANT_NULL
18:62750000-64250000	t2d-stroke	0.0023	0.0026	0.0016	0.0010	0.693	CONCORDANT_NULL
17:8750000-10250000	t2d-asthma	0.0023	0.0202	0.0020	0.0182	73.632	CONCORDANT_NULL
4:79750000-82250000	t2d-stroke	0.0023	0.0118	0.0017	0.0101	0.733	CONCORDANT_NULL
6:165750000-167250000	t2d-stroke	0.0023	0.0203	0.0016	0.0187	0.651	CONCORDANT_NULL
3:73750000-75250000	t2d-stroke	0.0023	0.0023	0.0016	0.0007	0.643	CONCORDANT_NULL
8:63750000-65250000	t2d-stroke	0.0023	0.0028	0.0017	0.0011	0.726	CONCORDANT_NULL
6:103750000-105250000	t2d-stroke	0.0023	0.0033	0.0016	0.0017	0.662	CONCORDANT_NULL
12:88750000-92250000	t2d-asthma	0.0023	0.0200	0.0020	0.0180	75.519	CONCORDANT_NULL
1:114750000-121250000	t2d-asthma	0.0022	0.0503	0.0019	0.0484	67.062	CONCORDANT_NULL
3:26750000-31250000	t2d-asthma	0.0022	0.0389	0.0019	0.0370	60.406	CONCORDANT_NULL
8:84750000-86250000	t2d-stroke	0.0022	0.0413	0.0016	0.0397	0.757	CONCORDANT_NULL
14:45750000-48250000	t2d-stroke	0.0022	0.0033	0.0016	0.0017	0.748	CONCORDANT_NULL
14:61750000-64250000	t2d-stroke	0.0022	0.0068	0.0015	0.0053	0.641	CONCORDANT_NULL
21:15750000-17250000	t2d-stroke	0.0022	0.0125	0.0015	0.0110	0.661	CONCORDANT_NULL
2:134750000-136250000	t2d-stroke	0.0022	0.0083	0.0018	0.0065	0.926	CONCORDANT_NULL
13:75750000-77250000	t2d-stroke	0.0022	0.0049	0.0014	0.0035	0.590	CONCORDANT_NULL
16:59750000-61250000	t2d-stroke	0.0021	0.0021	0.0014	0.0007	0.659	CONCORDANT_NULL
8:91750000-94250000	t2d-stroke	0.0021	0.0325	0.0015	0.0310	0.701	CONCORDANT_NULL
9:91750000-93250000	t2d-stroke	0.0021	0.0042	0.0012	0.0030	0.486	CONCORDANT_NULL
10:86750000-90250000	t2d-asthma	0.0021	0.0319	0.0018	0.0301	60.513	CONCORDANT_NULL
16:1750000-5250000	t2d-asthma	0.0021	0.0477	0.0018	0.0459	54.787	CONCORDANT_NULL
6:95750000-99250000	t2d-asthma	0.0021	0.0196	0.0018	0.0178	67.012	CONCORDANT_NULL
6:89750000-91250000	t2d-stroke	0.0021	0.0064	0.0013	0.0051	0.512	CONCORDANT_NULL
6:86750000-88250000	t2d-stroke	0.0021	0.0288	0.0014	0.0274	0.630	CONCORDANT_NULL
5:169750000-171250000	t2d-stroke	0.0021	0.0316	0.0014	0.0302	0.587	CONCORDANT_NULL
6:78750000-81250000	t2d-stroke	0.0021	0.0060	0.0015	0.0045	0.676	CONCORDANT_NULL
13:113750000-116250000	t2d-stroke	0.0021	0.0039	0.0014	0.0025	0.651	CONCORDANT_NULL
1:224750000-226250000	t2d-stroke	0.0021	0.0031	0.0014	0.0017	0.633	CONCORDANT_NULL
4:172750000-174250000	t2d-stroke	0.0021	0.0051	0.0014	0.0037	0.636	CONCORDANT_NULL
1:160750000-162250000	t2d-stroke	0.0021	0.0036	0.0015	0.0021	0.661	CONCORDANT_NULL
6:92750000-94250000	t2d-stroke	0.0021	0.0026	0.0013	0.0013	0.569	CONCORDANT_NULL
9:83750000-85250000	t2d-stroke	0.0020	0.0026	0.0013	0.0013	0.575	CONCORDANT_NULL
4:51750000-57250000	t2d-asthma	0.0020	0.0301	0.0017	0.0284	61.648	CONCORDANT_NULL
1:196750000-199250000	t2d-stroke	0.0020	0.0496	0.0014	0.0482	0.688	CONCORDANT_NULL
17:70750000-72250000	t2d-stroke	0.0020	0.0134	0.0014	0.0120	0.672	CONCORDANT_NULL
10:44750000-46250000	t2d-stroke	0.0020	0.0059	0.0015	0.0044	0.754	CONCORDANT_NULL
2:190750000-193250000	t2d-stroke	0.0020	0.0035	0.0015	0.0020	0.734	CONCORDANT_NULL
4:88750000-90250000	t2d-asthma	0.0020	0.0141	0.0017	0.0124	67.653	CONCORDANT_NULL
3:103750000-105250000	t2d-stroke	0.0019	0.0036	0.0012	0.0024	0.583	CONCORDANT_NULL
5:26750000-28250000	t2d-stroke	0.0019	0.0032	0.0014	0.0018	0.706	CONCORDANT_NULL
1:206750000-208250000	t2d-stroke	0.0019	0.0076	0.0013	0.0063	0.638	CONCORDANT_NULL
2:80750000-82250000	t2d-stroke	0.0019	0.0048	0.0012	0.0036	0.572	CONCORDANT_NULL
18:9750000-11250000	t2d-stroke	0.0019	0.0043	0.0013	0.0030	0.694	CONCORDANT_NULL
1:58750000-60250000	t2d-stroke	0.0019	0.0052	0.0014	0.0038	0.739	CONCORDANT_NULL
7:85750000-87250000	t2d-stroke	0.0019	0.0040	0.0012	0.0028	0.594	CONCORDANT_NULL
5:2750000-4250000	t2d-stroke	0.0019	0.0069	0.0012	0.0057	0.598	CONCORDANT_NULL
12:81750000-83250000	t2d-stroke	0.0018	0.0623	0.0011	0.0612	0.561	CONCORDANT_NULL
8:123750000-125250000	t2d-stroke	0.0018	0.0057	0.0013	0.0044	0.726	CONCORDANT_NULL
9:98750000-100250000	t2d-stroke	0.0018	0.0029	0.0014	0.0015	0.888	CONCORDANT_NULL
2:178750000-180250000	t2d-stroke	0.0018	0.0035	0.0011	0.0024	0.522	CONCORDANT_NULL
16:80750000-84250000	t2d-stroke	0.0018	0.0082	0.0012	0.0070	0.643	CONCORDANT_NULL
4:35750000-37250000	t2d-stroke	0.0018	0.0159	0.0012	0.0147	0.632	CONCORDANT_NULL
8:140750000-146250000	t2d-stroke	0.0018	0.0088	0.0013	0.0075	0.743	CONCORDANT_NULL
2:7750000-10250000	stroke-asthma	0.0018	0.0141	0.0015	0.0126	56.974	CONCORDANT_NULL
7:133750000-135250000	t2d-stroke	0.0018	0.0050	0.0013	0.0037	0.693	CONCORDANT_NULL
13:103750000-105250000	t2d-stroke	0.0018	0.0100	0.0013	0.0087	0.742	CONCORDANT_NULL
7:36750000-38250000	t2d-stroke	0.0018	0.0033	0.0012	0.0021	0.617	CONCORDANT_NULL
9:121750000-123250000	t2d-stroke	0.0018	0.0059	0.0013	0.0046	0.748	CONCORDANT_NULL
6:54750000-57250000	t2d-stroke	0.0018	0.0130	0.0012	0.0118	0.613	CONCORDANT_NULL
2:94750000-99250000	t2d-asthma	0.0018	0.0132	0.0015	0.0117	63.583	CONCORDANT_NULL
1:149750000-157250000	t2d-stroke	0.0018	0.0312	0.0014	0.0298	0.820	CONCORDANT_NULL
18:47750000-49250000	t2d-stroke	0.0017	0.0033	0.0012	0.0021	0.726	CONCORDANT_NULL
1:95750000-99250000	t2d-asthma	0.0017	0.0189	0.0014	0.0175	57.644	CONCORDANT_NULL
5:150750000-155250000	t2d-asthma	0.0017	0.0301	0.0014	0.0287	64.104	CONCORDANT_NULL
2:168750000-170250000	t2d-asthma	0.0017	0.0140	0.0014	0.0126	57.786	CONCORDANT_NULL
3:17750000-19250000	t2d-asthma	0.0017	0.0143	0.0014	0.0129	67.120	CONCORDANT_NULL
2:78750000-80250000	t2d-stroke	0.0017	0.0043	0.0012	0.0031	0.701	CONCORDANT_NULL
1:166750000-168250000	t2d-asthma	0.0017	0.0101	0.0014	0.0087	65.762	CONCORDANT_NULL
3:55750000-58250000	t2d-asthma	0.0017	0.0230	0.0014	0.0216	65.128	CONCORDANT_NULL
7:108750000-110250000	t2d-stroke	0.0017	0.0023	0.0012	0.0011	0.679	CONCORDANT_NULL
8:31750000-35250000	t2d-asthma	0.0016	0.0219	0.0014	0.0205	65.424	CONCORDANT_NULL
7:38750000-40250000	t2d-stroke	0.0016	0.0045	0.0011	0.0034	0.659	CONCORDANT_NULL
1:26750000-28250000	t2d-stroke	0.0016	0.0022	0.0012	0.0010	0.725	CONCORDANT_NULL
7:146750000-148250000	t2d-stroke	0.0016	0.0031	0.0011	0.0020	0.627	CONCORDANT_NULL
8:37750000-39250000	t2d-stroke	0.0016	0.0028	0.0012	0.0016	0.778	CONCORDANT_NULL
9:86750000-90250000	t2d-asthma	0.0016	0.0245	0.0014	0.0231	59.306	CONCORDANT_NULL
2:185750000-189250000	stroke-asthma	0.0016	0.0236	0.0014	0.0222	73.036	CONCORDANT_NULL
12:59750000-61250000	t2d-stroke	0.0016	0.0133	0.0011	0.0122	0.640	CONCORDANT_NULL
2:238750000-240250000	t2d-stroke	0.0016	0.0041	0.0011	0.0030	0.651	CONCORDANT_NULL
6:54750000-57250000	t2d-asthma	0.0016	0.0157	0.0014	0.0143	59.149	CONCORDANT_NULL
6:69750000-71250000	t2d-stroke	0.0016	0.0023	0.0010	0.0013	0.510	CONCORDANT_NULL
8:125750000-128250000	t2d-asthma	0.0016	0.0214	0.0014	0.0200	62.557	CONCORDANT_NULL
4:59750000-61250000	t2d-stroke	0.0015	0.0038	0.0010	0.0028	0.670	CONCORDANT_NULL
12:78750000-80250000	t2d-stroke	0.0015	0.0663	0.0010	0.0653	0.592	CONCORDANT_NULL
11:88750000-91250000	t2d-asthma	0.0015	0.0208	0.0013	0.0195	73.730	CONCORDANT_NULL
20:56750000-58250000	t2d-asthma	0.0015	0.0126	0.0013	0.0113	59.811	CONCORDANT_NULL
15:30750000-32250000	t2d-stroke	0.0015	0.0085	0.0010	0.0075	0.668	CONCORDANT_NULL
4:35750000-37250000	t2d-asthma	0.0015	0.0133	0.0013	0.0120	53.814	CONCORDANT_NULL
20:18750000-22250000	t2d-asthma	0.0015	0.0488	0.0013	0.0475	69.900	CONCORDANT_NULL
18:30750000-32250000	t2d-stroke	0.0015	0.0205	0.0010	0.0195	0.633	CONCORDANT_NULL
10:59750000-61250000	t2d-stroke	0.0015	0.0029	0.0010	0.0019	0.659	CONCORDANT_NULL
16:61750000-63250000	t2d-stroke	0.0014	0.0019	0.0009	0.0010	0.586	CONCORDANT_NULL
4:90750000-92250000	t2d-stroke	0.0014	0.0019	0.0010	0.0009	0.735	CONCORDANT_NULL
6:168750000-170250000	t2d-stroke	0.0014	0.0043	0.0010	0.0033	0.654	CONCORDANT_NULL
2:68750000-70250000	t2d-stroke	0.0014	0.0055	0.0011	0.0044	0.850	CONCORDANT_NULL
22:37750000-39250000	t2d-asthma	0.0014	0.0137	0.0012	0.0125	57.806	CONCORDANT_NULL
13:77750000-82250000	t2d-asthma	0.0014	0.0331	0.0012	0.0319	64.061	CONCORDANT_NULL
11:83750000-86250000	t2d-asthma	0.0014	0.0170	0.0012	0.0158	51.714	CONCORDANT_NULL
7:120750000-124250000	t2d-asthma	0.0014	0.0210	0.0012	0.0198	64.860	CONCORDANT_NULL
5:143750000-145250000	t2d-stroke	0.0014	0.0031	0.0010	0.0021	0.734	CONCORDANT_NULL
21:34750000-37250000	t2d-asthma	0.0014	0.0226	0.0012	0.0214	66.958	CONCORDANT_NULL
14:76750000-78250000	t2d-asthma	0.0013	0.0176	0.0011	0.0165	62.013	CONCORDANT_NULL
3:100750000-102250000	t2d-stroke	0.0013	0.0038	0.0009	0.0029	0.662	CONCORDANT_NULL
20:28750000-36250000	t2d-stroke	0.0013	0.0075	0.0010	0.0065	0.774	CONCORDANT_NULL
11:12750000-15250000	t2d-asthma	0.0013	0.0260	0.0011	0.0249	62.348	CONCORDANT_NULL
8:5750000-7250000	t2d-asthma	0.0013	0.0190	0.0011	0.0179	35.459	CONCORDANT_NULL
2:136750000-138250000	t2d-stroke	0.0013	0.0095	0.0010	0.0085	0.743	CONCORDANT_NULL
2:150750000-152250000	t2d-stroke	0.0013	0.0048	0.0009	0.0039	0.605	CONCORDANT_NULL
6:138750000-140250000	t2d-asthma	0.0013	0.0128	0.0011	0.0117	65.813	CONCORDANT_NULL
5:16750000-18250000	t2d-stroke	0.0013	0.0044	0.0009	0.0035	0.705	CONCORDANT_NULL
4:114750000-116250000	t2d-stroke	0.0013	0.0028	0.0010	0.0018	0.779	CONCORDANT_NULL
6:84750000-86250000	t2d-stroke	0.0013	0.0044	0.0009	0.0035	0.656	CONCORDANT_NULL
1:81750000-83250000	t2d-stroke	0.0013	0.0026	0.0008	0.0018	0.574	CONCORDANT_NULL
6:123750000-125250000	t2d-asthma	0.0013	0.0116	0.0011	0.0105	62.336	CONCORDANT_NULL
15:25750000-28250000	t2d-asthma	0.0012	0.0204	0.0010	0.0194	85.876	CONCORDANT_NULL
18:35750000-37250000	t2d-asthma	0.0012	0.0118	0.0010	0.0108	63.333	CONCORDANT_NULL
5:70750000-72250000	t2d-stroke	0.0012	0.0018	0.0008	0.0010	0.646	CONCORDANT_NULL
14:81750000-83250000	t2d-stroke	0.0012	0.0036	0.0009	0.0027	0.695	CONCORDANT_NULL
18:62750000-64250000	t2d-asthma	0.0012	0.0113	0.0010	0.0103	74.597	CONCORDANT_NULL
11:21750000-23250000	t2d-stroke	0.0012	0.0137	0.0009	0.0128	0.757	CONCORDANT_NULL
6:105750000-107250000	t2d-stroke	0.0012	0.0028	0.0008	0.0020	0.627	CONCORDANT_NULL
8:66750000-69250000	t2d-asthma	0.0012	0.0280	0.0010	0.0270	67.658	CONCORDANT_NULL
8:63750000-65250000	t2d-asthma	0.0012	0.0096	0.0010	0.0086	45.478	CONCORDANT_NULL
4:62750000-64250000	t2d-asthma	0.0012	0.0121	0.0010	0.0111	52.250	CONCORDANT_NULL
11:42750000-44250000	t2d-asthma	0.0012	0.0101	0.0010	0.0091	51.506	CONCORDANT_NULL
8:111750000-113250000	t2d-stroke	0.0012	0.0042	0.0010	0.0032	0.957	CONCORDANT_NULL
5:65750000-69250000	t2d-asthma	0.0011	0.0221	0.0009	0.0212	61.213	CONCORDANT_NULL
8:134750000-136250000	t2d-asthma	0.0011	0.0142	0.0009	0.0133	67.474	CONCORDANT_NULL
2:66750000-68250000	t2d-asthma	0.0011	0.0132	0.0009	0.0123	56.331	CONCORDANT_NULL
2:132750000-134250000	t2d-stroke	0.0011	0.0024	0.0008	0.0016	0.793	CONCORDANT_NULL
16:59750000-61250000	t2d-asthma	0.0011	0.0099	0.0009	0.0090	58.331	CONCORDANT_NULL
4:27750000-29250000	t2d-asthma	0.0011	0.0108	0.0009	0.0099	64.208	CONCORDANT_NULL
20:52750000-55250000	t2d-asthma	0.0011	0.0369	0.0009	0.0360	76.116	CONCORDANT_NULL
1:206750000-208250000	t2d-asthma	0.0011	0.0164	0.0009	0.0155	62.672	CONCORDANT_NULL
6:78750000-81250000	t2d-asthma	0.0011	0.0872	0.0009	0.0863	54.084	CONCORDANT_NULL
10:26750000-29250000	t2d-asthma	0.0011	0.0157	0.0009	0.0148	50.914	CONCORDANT_NULL
7:33750000-36250000	t2d-asthma	0.0010	0.0328	0.0008	0.0320	63.040	CONCORDANT_NULL
4:129750000-131250000	t2d-asthma	0.0010	0.5606	0.0008	0.5597	58.000	AFR_ENRICHED
9:121750000-123250000	t2d-asthma	0.0010	0.0120	0.0008	0.0112	68.070	CONCORDANT_NULL
5:79750000-82250000	t2d-asthma	0.0010	0.0225	0.0008	0.0216	63.139	CONCORDANT_NULL
1:88750000-91250000	t2d-asthma	0.0010	0.0167	0.0008	0.0158	69.505	CONCORDANT_NULL
8:19750000-21250000	t2d-asthma	0.0010	0.0362	0.0008	0.0354	53.416	CONCORDANT_NULL
4:59750000-61250000	t2d-asthma	0.0010	0.0129	0.0008	0.0120	52.032	CONCORDANT_NULL
12:7750000-10250000	t2d-asthma	0.0010	0.0152	0.0008	0.0143	54.005	CONCORDANT_NULL
9:72750000-74250000	t2d-stroke	0.0010	0.0026	0.0007	0.0019	0.589	CONCORDANT_NULL
4:29750000-32250000	t2d-asthma	0.0010	0.0227	0.0008	0.0219	64.431	CONCORDANT_NULL
8:48750000-50250000	t2d-stroke	0.0010	0.0028	0.0006	0.0022	0.489	CONCORDANT_NULL
2:202750000-209250000	t2d-stroke	0.0010	0.0074	0.0007	0.0067	0.636	CONCORDANT_NULL
7:91750000-94250000	t2d-asthma	0.0010	0.0186	0.0008	0.0177	70.255	CONCORDANT_NULL
13:88750000-90250000	t2d-asthma	0.0010	0.0112	0.0008	0.0103	50.288	CONCORDANT_NULL
18:43750000-46250000	t2d-asthma	0.0009	0.0255	0.0008	0.0247	60.992	CONCORDANT_NULL
9:108750000-110250000	t2d-asthma	0.0009	0.0167	0.0008	0.0159	64.373	CONCORDANT_NULL
4:64750000-66250000	t2d-asthma	0.0009	0.0137	0.0008	0.0129	62.113	CONCORDANT_NULL
4:24750000-27250000	t2d-asthma	0.0009	0.0263	0.0008	0.0255	67.871	CONCORDANT_NULL
2:54750000-66250000	t2d-stroke	0.0009	0.0203	0.0006	0.0197	0.633	CONCORDANT_NULL
1:84750000-86250000	t2d-asthma	0.0009	0.0097	0.0008	0.0089	50.025	CONCORDANT_NULL
4:135750000-139250000	t2d-asthma	0.0009	0.0261	0.0008	0.0253	69.066	CONCORDANT_NULL
4:150750000-152250000	t2d-asthma	0.0009	0.0113	0.0008	0.0105	80.058	CONCORDANT_NULL
3:92750000-95250000	t2d-asthma	0.0009	0.0159	0.0008	0.0151	59.970	CONCORDANT_NULL
14:39750000-42250000	t2d-asthma	0.0009	0.0193	0.0008	0.0185	53.859	CONCORDANT_NULL
12:40750000-43250000	t2d-asthma	0.0009	0.0258	0.0008	0.0250	55.975	CONCORDANT_NULL
15:34750000-37250000	t2d-asthma	0.0009	0.0271	0.0008	0.0263	70.476	CONCORDANT_NULL
15:89750000-97250000	t2d-stroke	0.0009	0.0284	0.0006	0.0278	0.708	CONCORDANT_NULL
2:235750000-237250000	t2d-asthma	0.0009	0.0121	0.0008	0.0113	75.252	CONCORDANT_NULL
2:49750000-51250000	t2d-asthma	0.0009	0.0108	0.0008	0.0100	56.000	CONCORDANT_NULL
6:11750000-14250000	t2d-asthma	0.0009	0.0210	0.0008	0.0202	65.798	CONCORDANT_NULL
6:105750000-107250000	t2d-asthma	0.0008	0.0134	0.0007	0.0127	60.549	CONCORDANT_NULL
16:61750000-63250000	t2d-asthma	0.0008	0.0102	0.0007	0.0095	68.746	CONCORDANT_NULL
8:22750000-24250000	t2d-asthma	0.0008	0.0139	0.0007	0.0132	51.107	CONCORDANT_NULL
6:45750000-47250000	t2d-asthma	0.0008	0.0217	0.0007	0.0210	69.819	CONCORDANT_NULL
8:75750000-78250000	t2d-asthma	0.0008	0.0370	0.0007	0.0363	63.106	CONCORDANT_NULL
3:103750000-105250000	t2d-asthma	0.0008	0.0116	0.0007	0.0109	55.798	CONCORDANT_NULL
8:119750000-121250000	t2d-asthma	0.0008	0.0126	0.0007	0.0119	59.892	CONCORDANT_NULL
9:80750000-83250000	t2d-asthma	0.0008	0.0232	0.0007	0.0225	71.750	CONCORDANT_NULL
14:34750000-37250000	t2d-asthma	0.0008	0.0210	0.0007	0.0203	68.809	CONCORDANT_NULL
1:220750000-222250000	t2d-asthma	0.0008	0.0157	0.0007	0.0150	57.732	CONCORDANT_NULL
10:1750000-3250000	t2d-asthma	0.0008	0.0162	0.0007	0.0155	51.707	CONCORDANT_NULL
10:47750000-49250000	t2d-stroke	0.0008	0.0011	0.0006	0.0005	0.678	CONCORDANT_NULL
9:110750000-115250000	stroke-asthma	0.0008	0.0195	0.0007	0.0188	60.345	CONCORDANT_NULL
9:95750000-97250000	t2d-asthma	0.0007	0.0090	0.0006	0.0084	55.309	CONCORDANT_NULL
1:21750000-26250000	t2d-asthma	0.0007	0.0367	0.0006	0.0361	73.388	CONCORDANT_NULL
6:71750000-74250000	t2d-asthma	0.0007	0.0259	0.0006	0.0253	58.188	CONCORDANT_NULL
3:130750000-132250000	t2d-asthma	0.0007	0.0118	0.0006	0.0112	72.425	CONCORDANT_NULL
7:95750000-97250000	t2d-asthma	0.0007	0.0129	0.0006	0.0123	64.828	CONCORDANT_NULL
5:171750000-174250000	t2d-asthma	0.0007	0.0161	0.0006	0.0155	73.986	CONCORDANT_NULL
2:68750000-70250000	t2d-asthma	0.0007	0.0114	0.0006	0.0108	62.972	CONCORDANT_NULL
3:140750000-142250000	t2d-asthma	0.0007	0.0113	0.0006	0.0107	72.500	CONCORDANT_NULL
2:199750000-201250000	t2d-stroke	0.0007	0.0017	0.0005	0.0012	0.690	CONCORDANT_NULL
2:126750000-128250000	t2d-asthma	0.0007	0.0121	0.0006	0.0115	71.915	CONCORDANT_NULL
10:83750000-85250000	t2d-asthma	0.0007	0.0107	0.0006	0.0101	57.374	CONCORDANT_NULL
21:15750000-17250000	t2d-asthma	0.0007	0.0132	0.0006	0.0126	73.230	CONCORDANT_NULL
8:91750000-94250000	t2d-asthma	0.0007	0.0175	0.0006	0.0169	67.731	CONCORDANT_NULL
9:72750000-74250000	t2d-asthma	0.0007	0.0121	0.0006	0.0115	66.392	CONCORDANT_NULL
4:139750000-141250000	t2d-asthma	0.0007	0.0114	0.0006	0.0108	75.314	CONCORDANT_NULL
1:235750000-237250000	t2d-asthma	0.0007	0.0126	0.0006	0.0120	65.566	CONCORDANT_NULL
7:31750000-33250000	t2d-asthma	0.0006	0.0124	0.0005	0.0119	61.601	CONCORDANT_NULL
3:34750000-36250000	t2d-asthma	0.0006	0.0131	0.0005	0.0126	61.438	CONCORDANT_NULL
6:165750000-167250000	t2d-asthma	0.0006	0.0142	0.0005	0.0137	53.379	CONCORDANT_NULL
4:170750000-172250000	t2d-asthma	0.0006	0.0111	0.0005	0.0106	61.687	CONCORDANT_NULL
6:69750000-71250000	t2d-asthma	0.0006	0.0128	0.0005	0.0123	55.762	CONCORDANT_NULL
1:28750000-30250000	t2d-asthma	0.0006	0.0130	0.0005	0.0125	56.122	CONCORDANT_NULL
13:103750000-105250000	t2d-asthma	0.0006	0.0150	0.0005	0.0145	66.794	CONCORDANT_NULL
6:4750000-6250000	t2d-asthma	0.0006	0.0210	0.0005	0.0205	59.034	CONCORDANT_NULL
6:99750000-102250000	t2d-asthma	0.0006	0.0162	0.0005	0.0157	55.106	CONCORDANT_NULL
15:45750000-50250000	stroke-asthma	0.0006	0.0267	0.0005	0.0262	75.367	CONCORDANT_NULL
1:53750000-55250000	t2d-asthma	0.0006	0.0141	0.0005	0.0136	55.855	CONCORDANT_NULL
11:21750000-23250000	t2d-asthma	0.0006	0.0171	0.0005	0.0166	64.012	CONCORDANT_NULL
12:104750000-106250000	t2d-asthma	0.0006	0.0117	0.0005	0.0112	58.190	CONCORDANT_NULL
8:48750000-50250000	t2d-asthma	0.0006	0.0092	0.0005	0.0087	51.022	CONCORDANT_NULL
12:131750000-134250000	t2d-asthma	0.0006	0.0133	0.0005	0.0128	75.759	CONCORDANT_NULL
6:84750000-86250000	t2d-asthma	0.0006	0.0167	0.0005	0.0162	58.688	CONCORDANT_NULL
10:3750000-5250000	t2d-asthma	0.0006	0.0126	0.0005	0.0121	61.588	CONCORDANT_NULL
5:2750000-4250000	t2d-asthma	0.0005	0.0166	0.0004	0.0162	53.824	CONCORDANT_NULL
16:55750000-57250000	t2d-asthma	0.0005	0.0113	0.0004	0.0109	54.467	CONCORDANT_NULL
3:149750000-151250000	t2d-asthma	0.0005	0.0471	0.0004	0.0467	66.254	CONCORDANT_NULL
5:85750000-93250000	stroke-asthma	0.0005	0.0142	0.0004	0.0138	71.311	CONCORDANT_NULL
12:102750000-104250000	t2d-asthma	0.0005	0.0155	0.0004	0.0151	63.846	CONCORDANT_NULL
2:78750000-80250000	t2d-asthma	0.0005	0.0127	0.0004	0.0123	64.443	CONCORDANT_NULL
13:90750000-92250000	t2d-asthma	0.0005	0.0159	0.0004	0.0155	61.262	CONCORDANT_NULL
5:13750000-15250000	t2d-asthma	0.0005	0.0157	0.0004	0.0153	78.967	CONCORDANT_NULL
2:109750000-115250000	stroke-asthma	0.0005	0.0172	0.0004	0.0168	95.067	CONCORDANT_NULL
5:136750000-138250000	t2d-asthma	0.0005	0.0109	0.0004	0.0105	76.615	CONCORDANT_NULL
4:152750000-154250000	t2d-asthma	0.0005	0.0139	0.0004	0.0135	64.156	CONCORDANT_NULL
4:179750000-181250000	t2d-asthma	0.0005	0.0145	0.0004	0.0141	65.129	CONCORDANT_NULL
15:30750000-32250000	t2d-asthma	0.0005	0.0144	0.0004	0.0140	82.196	CONCORDANT_NULL
9:132750000-134250000	t2d-asthma	0.0005	0.0119	0.0004	0.0115	52.025	CONCORDANT_NULL
1:163750000-165250000	t2d-asthma	0.0005	0.0110	0.0004	0.0106	59.351	CONCORDANT_NULL
13:61750000-63250000	t2d-asthma	0.0005	0.0094	0.0004	0.0090	57.339	CONCORDANT_NULL
2:136750000-138250000	t2d-asthma	0.0005	0.0128	0.0004	0.0124	62.913	CONCORDANT_NULL
13:93750000-95250000	t2d-asthma	0.0005	0.0119	0.0004	0.0115	68.679	CONCORDANT_NULL
20:5750000-7250000	t2d-asthma	0.0005	0.0157	0.0004	0.0153	79.408	CONCORDANT_NULL
8:123750000-125250000	t2d-asthma	0.0004	0.0125	0.0003	0.0122	74.422	CONCORDANT_NULL
1:26750000-28250000	t2d-asthma	0.0004	0.0101	0.0003	0.0098	66.554	CONCORDANT_NULL
10:59750000-61250000	t2d-asthma	0.0004	0.0142	0.0003	0.0139	65.189	CONCORDANT_NULL
5:0-2250000	stroke-asthma	0.0004	0.0128	0.0003	0.0125	31.660	CONCORDANT_NULL
14:32750000-34250000	t2d-asthma	0.0004	0.0157	0.0003	0.0154	70.821	CONCORDANT_NULL
9:91750000-93250000	t2d-asthma	0.0004	0.0102	0.0003	0.0099	63.461	CONCORDANT_NULL
10:3750000-5250000	stroke-asthma	0.0004	0.0084	0.0003	0.0081	41.671	CONCORDANT_NULL
13:55750000-57250000	t2d-asthma	0.0004	0.0103	0.0003	0.0100	78.895	CONCORDANT_NULL
14:20750000-22250000	t2d-asthma	0.0004	0.0128	0.0003	0.0125	65.123	CONCORDANT_NULL
3:60750000-67250000	stroke-asthma	0.0004	0.0365	0.0003	0.0362	57.986	CONCORDANT_NULL
1:81750000-83250000	t2d-asthma	0.0004	0.0203	0.0003	0.0200	70.594	CONCORDANT_NULL
10:130750000-132250000	stroke-asthma	0.0004	0.0115	0.0003	0.0112	50.284	CONCORDANT_NULL
2:178750000-180250000	t2d-asthma	0.0004	0.0424	0.0003	0.0421	63.974	CONCORDANT_NULL
2:150750000-152250000	t2d-asthma	0.0004	0.0123	0.0003	0.0120	67.054	CONCORDANT_NULL
8:35750000-37250000	t2d-asthma	0.0004	0.0112	0.0003	0.0109	80.124	CONCORDANT_NULL
8:84750000-86250000	t2d-asthma	0.0004	0.0419	0.0003	0.0416	81.784	CONCORDANT_NULL
14:87750000-89250000	t2d-asthma	0.0004	0.0125	0.0003	0.0122	75.063	CONCORDANT_NULL
18:38750000-43250000	stroke-asthma	0.0003	0.0116	0.0003	0.0113	69.360	CONCORDANT_NULL
6:138750000-140250000	stroke-asthma	0.0003	0.0099	0.0003	0.0096	60.255	CONCORDANT_NULL
11:12750000-15250000	stroke-asthma	0.0003	0.0146	0.0003	0.0143	68.079	CONCORDANT_NULL
1:58750000-60250000	t2d-asthma	0.0003	0.0113	0.0003	0.0110	82.615	CONCORDANT_NULL
2:197750000-199250000	t2d-asthma	0.0003	0.0188	0.0003	0.0185	67.402	CONCORDANT_NULL
17:20750000-22250000	t2d-asthma	0.0003	0.0138	0.0003	0.0135	84.623	CONCORDANT_NULL
4:135750000-139250000	stroke-asthma	0.0003	0.0158	0.0003	0.0155	61.991	CONCORDANT_NULL
18:43750000-46250000	stroke-asthma	0.0003	0.0117	0.0003	0.0114	56.632	CONCORDANT_NULL
7:36750000-38250000	t2d-asthma	0.0003	0.0567	0.0003	0.0564	75.074	CONCORDANT_NULL
19:2750000-15250000	t2d-stroke	0.0003	0.0301	0.0002	0.0299	0.644	CONCORDANT_NULL
8:37750000-39250000	t2d-asthma	0.0003	0.0125	0.0003	0.0122	82.284	CONCORDANT_NULL
11:15750000-19250000	stroke-asthma	0.0003	0.0133	0.0003	0.0130	67.330	CONCORDANT_NULL
1:30750000-35250000	stroke-asthma	0.0003	0.0125	0.0003	0.0122	74.544	CONCORDANT_NULL
4:172750000-174250000	t2d-asthma	0.0002	0.0144	0.0002	0.0142	100.302	CONCORDANT_NULL
13:37750000-42250000	stroke-asthma	0.0002	0.0149	0.0002	0.0147	71.397	CONCORDANT_NULL
3:100750000-102250000	t2d-asthma	0.0002	0.0120	0.0002	0.0118	78.615	CONCORDANT_NULL
7:128750000-132250000	stroke-asthma	0.0002	0.0191	0.0002	0.0189	61.411	CONCORDANT_NULL
1:216750000-220250000	stroke-asthma	0.0002	0.0173	0.0002	0.0171	71.385	CONCORDANT_NULL
20:52750000-55250000	stroke-asthma	0.0002	0.0202	0.0002	0.0200	69.951	CONCORDANT_NULL
10:26750000-29250000	stroke-asthma	0.0002	0.0121	0.0002	0.0119	58.677	CONCORDANT_NULL
5:70750000-72250000	t2d-asthma	0.0002	0.0111	0.0002	0.0109	133.500	CONCORDANT_NULL
5:126750000-129250000	stroke-asthma	0.0002	0.0110	0.0002	0.0108	71.044	CONCORDANT_NULL
1:248750000-250250000	t2d-stroke	0.0002	0.0009	0.0002	0.0007	1.563	CONCORDANT_NULL
13:61750000-63250000	stroke-asthma	0.0002	0.0090	0.0002	0.0088	57.093	CONCORDANT_NULL
4:62750000-64250000	stroke-asthma	0.0002	0.0081	0.0002	0.0079	74.540	CONCORDANT_NULL
3:106750000-109250000	stroke-asthma	0.0002	0.0104	0.0002	0.0102	73.200	CONCORDANT_NULL
7:124750000-128250000	stroke-asthma	0.0001	0.0128	0.0001	0.0127	82.900	CONCORDANT_NULL
6:48750000-54250000	t2d-stroke	0.0001	0.0217	0.0001	0.0216	0.610	CONCORDANT_NULL
2:233750000-235250000	stroke-asthma	0.0001	0.0210	0.0001	0.0209	50.652	CONCORDANT_NULL
11:94750000-98250000	stroke-asthma	0.0001	0.0160	0.0001	0.0159	65.240	CONCORDANT_NULL
13:77750000-82250000	stroke-asthma	0.0001	0.0193	0.0001	0.0192	74.000	CONCORDANT_NULL
16:55750000-57250000	stroke-asthma	0.0001	0.0098	0.0001	0.0097	55.094	CONCORDANT_NULL
7:120750000-124250000	stroke-asthma	0.0001	0.0159	0.0001	0.0158	81.781	CONCORDANT_NULL
6:62750000-65250000	stroke-asthma	0.0001	0.0101	0.0001	0.0100	84.294	CONCORDANT_NULL
1:88750000-91250000	stroke-asthma	0.0001	0.0092	0.0001	0.0091	80.962	CONCORDANT_NULL
6:4750000-6250000	stroke-asthma	0.0001	0.0072	0.0001	0.0071	46.484	CONCORDANT_NULL
4:24750000-27250000	stroke-asthma	0.0001	0.0301	0.0001	0.0300	68.441	CONCORDANT_NULL
13:84750000-87250000	stroke-asthma	0.0001	0.0116	0.0001	0.0115	66.934	CONCORDANT_NULL
17:63750000-67250000	stroke-asthma	0.0001	0.0147	0.0001	0.0146	75.943	CONCORDANT_NULL
1:95750000-99250000	stroke-asthma	0.0001	0.0098	0.0001	0.0097	58.352	CONCORDANT_NULL
10:79750000-83250000	stroke-asthma	0.0001	0.0121	0.0001	0.0120	68.054	CONCORDANT_NULL
13:21750000-23250000	stroke-asthma	0.0001	0.0110	0.0001	0.0109	59.218	CONCORDANT_NULL
18:9750000-11250000	stroke-asthma	0.0001	0.0160	0.0001	0.0159	58.077	CONCORDANT_NULL
5:150750000-155250000	stroke-asthma	0.0001	0.0204	0.0001	0.0203	73.688	CONCORDANT_NULL
2:51750000-54250000	stroke-asthma	0.0001	0.0139	0.0001	0.0138	54.882	CONCORDANT_NULL
6:165750000-167250000	stroke-asthma	0.0001	0.0148	0.0001	0.0147	51.743	CONCORDANT_NULL
2:49750000-51250000	stroke-asthma	0.0001	0.0082	0.0001	0.0081	69.700	CONCORDANT_NULL
8:94750000-97250000	stroke-asthma	0.0001	0.0162	0.0001	0.0161	68.819	CONCORDANT_NULL
2:103750000-106250000	stroke-asthma	0.0001	0.0095	0.0001	0.0094	58.456	CONCORDANT_NULL
1:64750000-68250000	stroke-asthma	0.0001	0.0188	0.0001	0.0187	63.611	CONCORDANT_NULL
14:71750000-74250000	stroke-asthma	0.0001	0.0107	0.0001	0.0106	56.064	CONCORDANT_NULL
6:71750000-74250000	stroke-asthma	0.0001	0.0118	0.0001	0.0117	81.607	CONCORDANT_NULL
14:78750000-81250000	stroke-asthma	0.0001	0.0104	0.0001	0.0103	75.000	CONCORDANT_NULL
1:241750000-245250000	stroke-asthma	0.0001	0.0136	0.0001	0.0135	78.382	CONCORDANT_NULL
8:125750000-128250000	stroke-asthma	0.0001	0.0159	0.0001	0.0158	61.198	CONCORDANT_NULL
7:111750000-115250000	stroke-asthma	0.0001	0.0146	0.0001	0.0145	78.190	CONCORDANT_NULL
7:148750000-152250000	t2d-stroke	0.0001	0.0065	0.0001	0.0064	0.754	CONCORDANT_NULL
6:11750000-14250000	stroke-asthma	0.0001	0.0122	0.0001	0.0121	73.569	CONCORDANT_NULL
12:3750000-6250000	stroke-asthma	0.0001	0.0136	0.0001	0.0135	70.824	CONCORDANT_NULL
9:132750000-134250000	stroke-asthma	0.0001	0.0075	0.0001	0.0074	43.088	CONCORDANT_NULL
14:34750000-37250000	stroke-asthma	0.0001	0.0122	0.0001	0.0121	84.107	CONCORDANT_NULL
12:131750000-134250000	stroke-asthma	0.0001	0.0103	0.0001	0.0102	68.483	CONCORDANT_NULL
9:86750000-90250000	stroke-asthma	0.0001	0.0138	0.0001	0.0137	60.700	CONCORDANT_NULL
6:54750000-57250000	stroke-asthma	0.0001	0.0189	0.0001	0.0188	61.192	CONCORDANT_NULL
18:68750000-70250000	stroke-asthma	0.0001	0.0084	0.0001	0.0083	52.912	CONCORDANT_NULL
2:240750000-242250000	stroke-asthma	0.0001	0.0093	0.0001	0.0092	59.934	CONCORDANT_NULL
10:120750000-123250000	stroke-asthma	0.0001	0.0235	0.0001	0.0234	69.720	CONCORDANT_NULL
8:22750000-24250000	stroke-asthma	0.0001	0.0086	0.0001	0.0085	50.750	CONCORDANT_NULL
10:74750000-79250000	stroke-asthma	0.0001	0.0154	0.0001	0.0153	114.131	CONCORDANT_NULL
2:238750000-240250000	stroke-asthma	0.0001	0.0436	0.0001	0.0435	43.532	CONCORDANT_NULL
18:12750000-14250000	stroke-asthma	0.0001	0.0096	0.0001	0.0095	37.067	CONCORDANT_NULL
4:15750000-19250000	stroke-asthma	0.0001	0.0180	0.0001	0.0179	55.153	CONCORDANT_NULL
15:34750000-37250000	stroke-asthma	0.0001	0.0138	0.0001	0.0137	68.045	CONCORDANT_NULL
12:104750000-106250000	stroke-asthma	0.0001	0.0089	0.0001	0.0088	58.500	CONCORDANT_NULL
10:69750000-72250000	stroke-asthma	0.0001	0.0196	0.0001	0.0195	59.330	CONCORDANT_NULL
8:75750000-78250000	stroke-asthma	0.0001	0.0095	0.0001	0.0094	63.607	CONCORDANT_NULL
20:750000-5250000	stroke-asthma	0.0001	0.0150	0.0001	0.0149	66.257	CONCORDANT_NULL
4:84750000-87250000	stroke-asthma	0.0001	0.0119	0.0001	0.0118	65.985	CONCORDANT_NULL
8:131750000-133250000	stroke-asthma	0.0001	0.0149	0.0001	0.0148	51.448	CONCORDANT_NULL
4:5750000-7250000	stroke-asthma	0.0001	0.0093	0.0001	0.0092	47.403	CONCORDANT_NULL
7:105750000-108250000	stroke-asthma	0.0001	0.0144	0.0001	0.0143	58.314	CONCORDANT_NULL
4:118750000-121250000	stroke-asthma	0.0001	0.0149	0.0001	0.0148	60.696	CONCORDANT_NULL
9:80750000-83250000	stroke-asthma	0.0001	0.0154	0.0001	0.0153	76.641	CONCORDANT_NULL
2:14750000-17250000	stroke-asthma	0.0001	0.0116	0.0001	0.0115	66.967	CONCORDANT_NULL
5:65750000-69250000	stroke-asthma	0.0001	0.0122	0.0001	0.0121	79.174	CONCORDANT_NULL
8:115750000-119250000	stroke-asthma	0.0001	0.0124	0.0001	0.0123	81.757	CONCORDANT_NULL
10:120750000-123250000	t2d-stroke	0.0000	0.0161	0.0000	0.0161	0.666	CONCORDANT_NULL
12:107750000-117250000	t2d-stroke	0.0000	0.0162	0.0000	0.0162	0.668	CONCORDANT_NULL
9:20750000-24250000	t2d-stroke	0.0000	0.0111	0.0000	0.0111	0.621	CONCORDANT_NULL
4:79750000-82250000	stroke-asthma	0.0000	0.0188	0.0000	0.0188	82.057	CONCORDANT_NULL
4:170750000-172250000	stroke-asthma	0.0000	0.0083	0.0000	0.0083	56.847	CONCORDANT_NULL
14:28750000-32250000	stroke-asthma	0.0000	0.0185	0.0000	0.0185	88.300	CONCORDANT_NULL
11:91750000-94250000	stroke-asthma	0.0000	0.0132	0.0000	0.0132	85.542	CONCORDANT_NULL
7:88750000-91250000	stroke-asthma	0.0000	0.0175	0.0000	0.0175	60.325	CONCORDANT_NULL
2:78750000-80250000	stroke-asthma	0.0000	0.0102	0.0000	0.0102	69.255	CONCORDANT_NULL
12:25750000-28250000	stroke-asthma	0.0000	0.0225	0.0000	0.0225	62.675	CONCORDANT_NULL
7:101750000-104250000	stroke-asthma	0.0000	0.0221	0.0000	0.0221	88.293	CONCORDANT_NULL
8:40750000-42250000	stroke-asthma	0.0000	0.0086	0.0000	0.0086	54.392	CONCORDANT_NULL
6:99750000-102250000	stroke-asthma	0.0000	0.0251	0.0000	0.0251	63.788	CONCORDANT_NULL
6:92750000-94250000	stroke-asthma	0.0000	0.0071	0.0000	0.0071	47.085	CONCORDANT_NULL
15:25750000-28250000	stroke-asthma	0.0000	0.0104	0.0000	0.0104	87.828	CONCORDANT_NULL
5:169750000-171250000	stroke-asthma	0.0000	0.0072	0.0000	0.0072	47.500	CONCORDANT_NULL
11:34750000-36250000	stroke-asthma	0.0000	0.0079	0.0000	0.0079	63.275	CONCORDANT_NULL
4:59750000-61250000	stroke-asthma	0.0000	0.0072	0.0000	0.0072	64.930	CONCORDANT_NULL
6:168750000-170250000	stroke-asthma	0.0000	0.0071	0.0000	0.0071	51.822	CONCORDANT_NULL
5:16750000-18250000	stroke-asthma	0.0000	0.0101	0.0000	0.0101	50.000	CONCORDANT_NULL
14:20750000-22250000	stroke-asthma	0.0000	0.0096	0.0000	0.0096	48.776	CONCORDANT_NULL
5:163750000-166250000	stroke-asthma	0.0000	0.0096	0.0000	0.0096	78.071	CONCORDANT_NULL
8:137750000-139250000	stroke-asthma	0.0000	0.0095	0.0000	0.0095	58.085	CONCORDANT_NULL
4:179750000-181250000	stroke-asthma	0.0000	0.0207	0.0000	0.0207	53.592	CONCORDANT_NULL
7:33750000-36250000	stroke-asthma	0.0000	0.0139	0.0000	0.0139	59.000	CONCORDANT_NULL
13:88750000-90250000	stroke-asthma	0.0000	0.0232	0.0000	0.0232	40.111	CONCORDANT_NULL
