region_safe	region_id	source	notes
r00001_1_10000_13506933	m2_region_00001	m2_union	synthetic slug; M2 region union
r00002_1_13932981_60181693	m2_region_00002	m2_union	synthetic slug; M2 region union
r00003_1_60210185_64018040	m2_region_00003	m2_union	synthetic slug; M2 region union
r00004_1_64428477_68410801	m2_region_00004	m2_union	synthetic slug; M2 region union
r00005_1_69537543_103375018	m2_region_00005	m2_union	synthetic slug; M2 region union
r00006_1_104045894_121742961	m2_region_00006	m2_union	synthetic slug; M2 region union
r00007_1_145275408_148280494	m2_region_00007	m2_union	synthetic slug; M2 region union
r00008_1_143448510_176232591	m2_region_00008	m2_union	synthetic slug; M2 region union
r00009_1_176414307_187810404	m2_region_00009	m2_union	synthetic slug; M2 region union
r00010_1_188053842_193702264	m2_region_00010	m2_union	synthetic slug; M2 region union
r00011_1_194078806_215574375	m2_region_00011	m2_union	synthetic slug; M2 region union
r00012_1_216096877_232043004	m2_region_00012	m2_union	synthetic slug; M2 region union
r00013_1_233333285_241369075	m2_region_00013	m2_union	synthetic slug; M2 region union
r00014_1_241533731_248945483	m2_region_00014	m2_union	synthetic slug; M2 region union
r00015_10_14060_10769739	m2_region_00015	m2_union	synthetic slug; M2 region union
r00016_10_11185617_37406228	m2_region_00016	m2_union	synthetic slug; M2 region union
r00017_10_37808984_38861781	m2_region_00017	m2_union	synthetic slug; M2 region union
r00018_10_41884616_46449233	m2_region_00018	m2_union	synthetic slug; M2 region union
r00019_10_46260091_55913959	m2_region_00019	m2_union	synthetic slug; M2 region union
r00020_10_56628120_67012310	m2_region_00020	m2_union	synthetic slug; M2 region union
r00021_10_67142791_83520193	m2_region_00021	m2_union	synthetic slug; M2 region union
r00022_10_83680093_108710653	m2_region_00022	m2_union	synthetic slug; M2 region union
r00023_10_109101296_130633418	m2_region_00023	m2_union	synthetic slug; M2 region union
r00024_10_130931486_133787358	m2_region_00024	m2_union	synthetic slug; M2 region union
r00025_11_60000_19787011	m2_region_00025	m2_union	synthetic slug; M2 region union
r00026_11_19937848_23479900	m2_region_00026	m2_union	synthetic slug; M2 region union
r00027_11_23643784_40502039	m2_region_00027	m2_union	synthetic slug; M2 region union
r00028_11_40827843_54526019	m2_region_00028	m2_union	synthetic slug; M2 region union
r00029_11_54927691_80602581	m2_region_00029	m2_union	synthetic slug; M2 region union
r00030_11_81530445_83732374	m2_region_00030	m2_union	synthetic slug; M2 region union
r00031_11_84103350_86737863	m2_region_00031	m2_union	synthetic slug; M2 region union
r00032_11_86748837_91761554	m2_region_00032	m2_union	synthetic slug; M2 region union
r00033_11_91919472_94487939	m2_region_00033	m2_union	synthetic slug; M2 region union
r00034_11_94566796_105000677	m2_region_00034	m2_union	synthetic slug; M2 region union
r00035_11_105621794_108476507	m2_region_00035	m2_union	synthetic slug; M2 region union
r00036_11_109055713_135076118	m2_region_00036	m2_union	synthetic slug; M2 region union
r00037_12_45738_7732633	m2_region_00037	m2_union	synthetic slug; M2 region union
r00038_12_8890922_30381276	m2_region_00038	m2_union	synthetic slug; M2 region union
r00039_12_30755423_34703753	m2_region_00039	m2_union	synthetic slug; M2 region union
r00040__sub00_12_37463740_45398515	m2_region_00040__sub00	m2_union	synthetic slug; M2 region union
r00040__sub01_12_39398515_50333290	m2_region_00040__sub01	m2_union	synthetic slug; M2 region union
r00040__sub02_12_44333290_55268065	m2_region_00040__sub02	m2_union	synthetic slug; M2 region union
r00040__sub03_12_49268065_60202840	m2_region_00040__sub03	m2_union	synthetic slug; M2 region union
r00040__sub04_12_54202840_65137615	m2_region_00040__sub04	m2_union	synthetic slug; M2 region union
r00040__sub05_12_59137615_70072390	m2_region_00040__sub05	m2_union	synthetic slug; M2 region union
r00040__sub06_12_64072390_75007165	m2_region_00040__sub06	m2_union	synthetic slug; M2 region union
r00040__sub07_12_69007165_79941940	m2_region_00040__sub07	m2_union	synthetic slug; M2 region union
r00040__sub08_12_73941940_84876715	m2_region_00040__sub08	m2_union	synthetic slug; M2 region union
r00040__sub09_12_78876715_89811490	m2_region_00040__sub09	m2_union	synthetic slug; M2 region union
r00040__sub10_12_83811490_94746265	m2_region_00040__sub10	m2_union	synthetic slug; M2 region union
r00040__sub11_12_88746265_99681040	m2_region_00040__sub11	m2_union	synthetic slug; M2 region union
r00040__sub12_12_93681040_104615815	m2_region_00040__sub12	m2_union	synthetic slug; M2 region union
r00040__sub13_12_98615815_109550590	m2_region_00040__sub13	m2_union	synthetic slug; M2 region union
r00040__sub14_12_103550590_114485365	m2_region_00040__sub14	m2_union	synthetic slug; M2 region union
r00040__sub15_12_108485365_119420140	m2_region_00040__sub15	m2_union	synthetic slug; M2 region union
r00040__sub16_12_113420140_124354915	m2_region_00040__sub16	m2_union	synthetic slug; M2 region union
r00040__sub17_12_118354915_126289702	m2_region_00040__sub17	m2_union	synthetic slug; M2 region union
r00041_12_126367294_128367295	m2_region_00041	m2_union	synthetic slug; M2 region union
r00042_12_128590643_133264589	m2_region_00042	m2_union	synthetic slug; M2 region union
r00043_13_18446711_43766469	m2_region_00043	m2_union	synthetic slug; M2 region union
r00044_13_43921855_47638587	m2_region_00044	m2_union	synthetic slug; M2 region union
r00045_13_47918950_70078446	m2_region_00045	m2_union	synthetic slug; M2 region union
r00046_13_70774636_92367673	m2_region_00046	m2_union	synthetic slug; M2 region union
r00047_13_92409842_99564048	m2_region_00047	m2_union	synthetic slug; M2 region union
r00048_13_99909174_114343675	m2_region_00048	m2_union	synthetic slug; M2 region union
r00049_14_19397402_26458973	m2_region_00049	m2_union	synthetic slug; M2 region union
r00050_14_26623591_42103929	m2_region_00050	m2_union	synthetic slug; M2 region union
r00051_14_42978752_45172482	m2_region_00051	m2_union	synthetic slug; M2 region union
r00052_14_45898413_49004503	m2_region_00052	m2_union	synthetic slug; M2 region union
r00053_14_49188639_55790872	m2_region_00053	m2_union	synthetic slug; M2 region union
r00054_14_56548930_66465879	m2_region_00054	m2_union	synthetic slug; M2 region union
r00055_14_66558730_83988141	m2_region_00055	m2_union	synthetic slug; M2 region union
r00056_14_84518181_106880334	m2_region_00056	m2_union	synthetic slug; M2 region union
r00057_15_19794839_20971763	m2_region_00057	m2_union	synthetic slug; M2 region union
r00058_15_21243087_24703424	m2_region_00058	m2_union	synthetic slug; M2 region union
r00059_15_24860641_27794936	m2_region_00059	m2_union	synthetic slug; M2 region union
r00060__sub00_15_28470995_36117430	m2_region_00060__sub00	m2_union	synthetic slug; M2 region union
r00060__sub01_15_30117430_40763865	m2_region_00060__sub01	m2_union	synthetic slug; M2 region union
r00060__sub02_15_34763865_45410300	m2_region_00060__sub02	m2_union	synthetic slug; M2 region union
r00060__sub03_15_39410300_50056735	m2_region_00060__sub03	m2_union	synthetic slug; M2 region union
r00060__sub04_15_44056735_54703170	m2_region_00060__sub04	m2_union	synthetic slug; M2 region union
r00060__sub05_15_48703170_59349605	m2_region_00060__sub05	m2_union	synthetic slug; M2 region union
r00060__sub06_15_53349605_63996040	m2_region_00060__sub06	m2_union	synthetic slug; M2 region union
r00060__sub07_15_57996040_68642475	m2_region_00060__sub07	m2_union	synthetic slug; M2 region union
r00060__sub08_15_62642475_73288910	m2_region_00060__sub08	m2_union	synthetic slug; M2 region union
r00060__sub09_15_67288910_77935345	m2_region_00060__sub09	m2_union	synthetic slug; M2 region union
r00060__sub10_15_71935345_82581780	m2_region_00060__sub10	m2_union	synthetic slug; M2 region union
r00060__sub11_15_76581780_87228215	m2_region_00060__sub11	m2_union	synthetic slug; M2 region union
r00060__sub12_15_81228215_91874650	m2_region_00060__sub12	m2_union	synthetic slug; M2 region union
r00060__sub13_15_85874650_93521095	m2_region_00060__sub13	m2_union	synthetic slug; M2 region union
r00061_15_93728149_101980877	m2_region_00061	m2_union	synthetic slug; M2 region union
r00062_16_10000_8021252	m2_region_00062	m2_union	synthetic slug; M2 region union
r00063_16_8059389_22080730	m2_region_00063	m2_union	synthetic slug; M2 region union
r00064_16_22522777_25852386	m2_region_00064	m2_union	synthetic slug; M2 region union
r00065_16_26412180_32918704	m2_region_00065	m2_union	synthetic slug; M2 region union
r00066_16_33633718_36050704	m2_region_00066	m2_union	synthetic slug; M2 region union
r00067_16_46391700_90227947	m2_region_00067	m2_union	synthetic slug; M2 region union
r00068_17_150207_22763450	m2_region_00068	m2_union	synthetic slug; M2 region union
r00069_17_26936721_53095823	m2_region_00069	m2_union	synthetic slug; M2 region union
r00070_17_53669735_62419436	m2_region_00070	m2_union	synthetic slug; M2 region union
r00071_17_62471587_83247054	m2_region_00071	m2_union	synthetic slug; M2 region union
r00072_18_10000_15410582	m2_region_00072	m2_union	synthetic slug; M2 region union
r00073_18_20931259_28385617	m2_region_00073	m2_union	synthetic slug; M2 region union
r00074_18_28818669_30818667	m2_region_00074	m2_union	synthetic slug; M2 region union
r00075_18_30962741_37591551	m2_region_00075	m2_union	synthetic slug; M2 region union
r00076_18_37602477_40455787	m2_region_00076	m2_union	synthetic slug; M2 region union
r00077_18_40607206_51613868	m2_region_00077	m2_union	synthetic slug; M2 region union
r00078_18_51759028_68124322	m2_region_00078	m2_union	synthetic slug; M2 region union
r00079_18_68140643_77143625	m2_region_00079	m2_union	synthetic slug; M2 region union
r00080_18_77475128_80258655	m2_region_00080	m2_union	synthetic slug; M2 region union
r00081_19_60000_22906520	m2_region_00081	m2_union	synthetic slug; M2 region union
r00082_19_23240631_24448161	m2_region_00082	m2_union	synthetic slug; M2 region union
r00083_19_27241278_58606629	m2_region_00083	m2_union	synthetic slug; M2 region union
r00084_2_10000_4964218	m2_region_00084	m2_union	synthetic slug; M2 region union
r00085_2_5014332_7021579	m2_region_00085	m2_union	synthetic slug; M2 region union
r00086_2_7468140_13605187	m2_region_00086	m2_union	synthetic slug; M2 region union
r00087_2_14642347_38359898	m2_region_00087	m2_union	synthetic slug; M2 region union
r00088__sub00_2_38615219_46208250	m2_region_00088__sub00	m2_union	synthetic slug; M2 region union
r00088__sub01_2_40208250_50801281	m2_region_00088__sub01	m2_union	synthetic slug; M2 region union
r00088__sub02_2_44801281_55394312	m2_region_00088__sub02	m2_union	synthetic slug; M2 region union
r00088__sub03_2_49394312_59987343	m2_region_00088__sub03	m2_union	synthetic slug; M2 region union
r00088__sub04_2_53987343_64580374	m2_region_00088__sub04	m2_union	synthetic slug; M2 region union
r00088__sub05_2_58580374_69173405	m2_region_00088__sub05	m2_union	synthetic slug; M2 region union
r00088__sub06_2_63173405_73766436	m2_region_00088__sub06	m2_union	synthetic slug; M2 region union
r00088__sub07_2_67766436_78359467	m2_region_00088__sub07	m2_union	synthetic slug; M2 region union
r00088__sub08_2_72359467_82952498	m2_region_00088__sub08	m2_union	synthetic slug; M2 region union
r00088__sub09_2_76952498_87545529	m2_region_00088__sub09	m2_union	synthetic slug; M2 region union
r00088__sub10_2_81545529_89138567	m2_region_00088__sub10	m2_union	synthetic slug; M2 region union
r00089_2_94661005_122259370	m2_region_00089	m2_union	synthetic slug; M2 region union
r00090_2_123405640_129309507	m2_region_00090	m2_union	synthetic slug; M2 region union
r00091_2_129780608_140487181	m2_region_00091	m2_union	synthetic slug; M2 region union
r00092_2_140535577_148932974	m2_region_00092	m2_union	synthetic slug; M2 region union
r00093_2_149364679_185263394	m2_region_00093	m2_union	synthetic slug; M2 region union
r00094_2_185342666_188863283	m2_region_00094	m2_union	synthetic slug; M2 region union
r00095_2_189581965_194089734	m2_region_00095	m2_union	synthetic slug; M2 region union
r00096_2_194116982_234770905	m2_region_00096	m2_union	synthetic slug; M2 region union
r00097_2_234893228_242147448	m2_region_00097	m2_union	synthetic slug; M2 region union
r00098_20_79359_26338509	m2_region_00098	m2_union	synthetic slug; M2 region union
r00099_20_30185044_64333666	m2_region_00099	m2_union	synthetic slug; M2 region union
r00100_21_13700538_18948124	m2_region_00100	m2_union	synthetic slug; M2 region union
r00101_21_19941086_24464143	m2_region_00101	m2_union	synthetic slug; M2 region union
r00102_21_25141064_27501824	m2_region_00102	m2_union	synthetic slug; M2 region union
r00103_21_27785832_30585188	m2_region_00103	m2_union	synthetic slug; M2 region union
r00104_21_30688695_46699245	m2_region_00104	m2_union	synthetic slug; M2 region union
r00105_22_15677641_50805647	m2_region_00105	m2_union	synthetic slug; M2 region union
r00106_3_18322_2457295	m2_region_00106	m2_union	synthetic slug; M2 region union
r00107_3_2567717_17555669	m2_region_00107	m2_union	synthetic slug; M2 region union
r00108_3_17700778_59482702	m2_region_00108	m2_union	synthetic slug; M2 region union
r00109_3_59757332_75660992	m2_region_00109	m2_union	synthetic slug; M2 region union
r00110_3_75880196_90455656	m2_region_00110	m2_union	synthetic slug; M2 region union
r00111__sub00_3_93786108_101381357	m2_region_00111__sub00	m2_union	synthetic slug; M2 region union
r00111__sub01_3_95381357_105976606	m2_region_00111__sub01	m2_union	synthetic slug; M2 region union
r00111__sub02_3_99976606_110571855	m2_region_00111__sub02	m2_union	synthetic slug; M2 region union
r00111__sub03_3_104571855_115167104	m2_region_00111__sub03	m2_union	synthetic slug; M2 region union
r00111__sub04_3_109167104_119762353	m2_region_00111__sub04	m2_union	synthetic slug; M2 region union
r00111__sub05_3_113762353_124357602	m2_region_00111__sub05	m2_union	synthetic slug; M2 region union
r00111__sub06_3_118357602_128952851	m2_region_00111__sub06	m2_union	synthetic slug; M2 region union
r00111__sub07_3_122952851_133548100	m2_region_00111__sub07	m2_union	synthetic slug; M2 region union
r00111__sub08_3_127548100_138143349	m2_region_00111__sub08	m2_union	synthetic slug; M2 region union
r00111__sub09_3_132143349_142738598	m2_region_00111__sub09	m2_union	synthetic slug; M2 region union
r00111__sub10_3_136738598_144333852	m2_region_00111__sub10	m2_union	synthetic slug; M2 region union
r00112_3_144864719_166494106	m2_region_00112	m2_union	synthetic slug; M2 region union
r00113_3_166901099_198235088	m2_region_00113	m2_union	synthetic slug; M2 region union
r00114_4_10000_33124049	m2_region_00114	m2_union	synthetic slug; M2 region union
r00115_4_33538947_35544076	m2_region_00115	m2_union	synthetic slug; M2 region union
r00116_4_35818735_42208167	m2_region_00116	m2_union	synthetic slug; M2 region union
r00117_4_42514772_49657470	m2_region_00117	m2_union	synthetic slug; M2 region union
r00118_4_51794220_58086355	m2_region_00118	m2_union	synthetic slug; M2 region union
r00119_4_58289023_60901204	m2_region_00119	m2_union	synthetic slug; M2 region union
r00120__sub00_4_61412546_69255619	m2_region_00120__sub00	m2_union	synthetic slug; M2 region union
r00120__sub01_4_63255619_74098692	m2_region_00120__sub01	m2_union	synthetic slug; M2 region union
r00120__sub02_4_68098692_78941765	m2_region_00120__sub02	m2_union	synthetic slug; M2 region union
r00120__sub03_4_72941765_83784838	m2_region_00120__sub03	m2_union	synthetic slug; M2 region union
r00120__sub04_4_77784838_88627911	m2_region_00120__sub04	m2_union	synthetic slug; M2 region union
r00120__sub05_4_82627911_93470984	m2_region_00120__sub05	m2_union	synthetic slug; M2 region union
r00120__sub06_4_87470984_98314057	m2_region_00120__sub06	m2_union	synthetic slug; M2 region union
r00120__sub07_4_92314057_103157130	m2_region_00120__sub07	m2_union	synthetic slug; M2 region union
r00120__sub08_4_97157130_108000203	m2_region_00120__sub08	m2_union	synthetic slug; M2 region union
r00120__sub09_4_102000203_112843276	m2_region_00120__sub09	m2_union	synthetic slug; M2 region union
r00120__sub10_4_106843276_117686349	m2_region_00120__sub10	m2_union	synthetic slug; M2 region union
r00120__sub11_4_111686349_122529422	m2_region_00120__sub11	m2_union	synthetic slug; M2 region union
r00120__sub12_4_116529422_127372495	m2_region_00120__sub12	m2_union	synthetic slug; M2 region union
r00120__sub13_4_121372495_132215568	m2_region_00120__sub13	m2_union	synthetic slug; M2 region union
r00120__sub14_4_126215568_137058641	m2_region_00120__sub14	m2_union	synthetic slug; M2 region union
r00120__sub15_4_131058641_141901714	m2_region_00120__sub15	m2_union	synthetic slug; M2 region union
r00120__sub16_4_135901714_146744787	m2_region_00120__sub16	m2_union	synthetic slug; M2 region union
r00120__sub17_4_140744787_151587860	m2_region_00120__sub17	m2_union	synthetic slug; M2 region union
r00120__sub18_4_145587860_156430933	m2_region_00120__sub18	m2_union	synthetic slug; M2 region union
r00120__sub19_4_150430933_161274006	m2_region_00120__sub19	m2_union	synthetic slug; M2 region union
r00120__sub20_4_155274006_163117089	m2_region_00120__sub20	m2_union	synthetic slug; M2 region union
r00121_4_163384737_167007951	m2_region_00121	m2_union	synthetic slug; M2 region union
r00122_4_167078804_175651112	m2_region_00122	m2_union	synthetic slug; M2 region union
r00123_4_175918821_182168256	m2_region_00123	m2_union	synthetic slug; M2 region union
r00124_4_182267251_190123093	m2_region_00124	m2_union	synthetic slug; M2 region union
r00125_5_10000_7691940	m2_region_00125	m2_union	synthetic slug; M2 region union
r00126_5_8132077_10541754	m2_region_00126	m2_union	synthetic slug; M2 region union
r00127_5_12149565_15001728	m2_region_00127	m2_union	synthetic slug; M2 region union
r00128_5_16276877_19131646	m2_region_00128	m2_union	synthetic slug; M2 region union
r00129_5_19953543_24068603	m2_region_00129	m2_union	synthetic slug; M2 region union
r00130_5_24412010_29547404	m2_region_00130	m2_union	synthetic slug; M2 region union
r00131_5_30893758_36989704	m2_region_00131	m2_union	synthetic slug; M2 region union
r00132_5_37378381_45812464	m2_region_00132	m2_union	synthetic slug; M2 region union
r00133_5_50110622_65872365	m2_region_00133	m2_union	synthetic slug; M2 region union
r00134_5_65896143_70402341	m2_region_00134	m2_union	synthetic slug; M2 region union
r00135_5_70722124_99331156	m2_region_00135	m2_union	synthetic slug; M2 region union
r00136_5_100283380_121036838	m2_region_00136	m2_union	synthetic slug; M2 region union
r00137_5_121039130_160574292	m2_region_00137	m2_union	synthetic slug; M2 region union
r00138_5_161299761_174929749	m2_region_00138	m2_union	synthetic slug; M2 region union
r00139_5_175721765_178404118	m2_region_00139	m2_union	synthetic slug; M2 region union
r00140_5_178729448_181478042	m2_region_00140	m2_union	synthetic slug; M2 region union
r00141_6_60000_2616909	m2_region_00141	m2_union	synthetic slug; M2 region union
r00142_6_4043310_14189044	m2_region_00142	m2_union	synthetic slug; M2 region union
r00143_6_14557405_58453775	m2_region_00143	m2_union	synthetic slug; M2 region union
r00144_6_61281844_67914447	m2_region_00144	m2_union	synthetic slug; M2 region union
r00145__sub00_6_68202078_76085092	m2_region_00145__sub00	m2_union	synthetic slug; M2 region union
r00145__sub01_6_70085092_80968106	m2_region_00145__sub01	m2_union	synthetic slug; M2 region union
r00145__sub02_6_74968106_85851120	m2_region_00145__sub02	m2_union	synthetic slug; M2 region union
r00145__sub03_6_79851120_90734134	m2_region_00145__sub03	m2_union	synthetic slug; M2 region union
r00145__sub04_6_84734134_95617148	m2_region_00145__sub04	m2_union	synthetic slug; M2 region union
r00145__sub05_6_89617148_100500162	m2_region_00145__sub05	m2_union	synthetic slug; M2 region union
r00145__sub06_6_94500162_105383176	m2_region_00145__sub06	m2_union	synthetic slug; M2 region union
r00145__sub07_6_99383176_110266190	m2_region_00145__sub07	m2_union	synthetic slug; M2 region union
r00145__sub08_6_104266190_115149204	m2_region_00145__sub08	m2_union	synthetic slug; M2 region union
r00145__sub09_6_109149204_120032218	m2_region_00145__sub09	m2_union	synthetic slug; M2 region union
r00145__sub10_6_114032218_124915232	m2_region_00145__sub10	m2_union	synthetic slug; M2 region union
r00145__sub11_6_118915232_129798246	m2_region_00145__sub11	m2_union	synthetic slug; M2 region union
r00145__sub12_6_123798246_134681260	m2_region_00145__sub12	m2_union	synthetic slug; M2 region union
r00145__sub13_6_128681260_139564274	m2_region_00145__sub13	m2_union	synthetic slug; M2 region union
r00145__sub14_6_133564274_144447288	m2_region_00145__sub14	m2_union	synthetic slug; M2 region union
r00145__sub15_6_138447288_149330302	m2_region_00145__sub15	m2_union	synthetic slug; M2 region union
r00145__sub16_6_143330302_154213316	m2_region_00145__sub16	m2_union	synthetic slug; M2 region union
r00145__sub17_6_148213316_159096330	m2_region_00145__sub17	m2_union	synthetic slug; M2 region union
r00145__sub18_6_153096330_163979344	m2_region_00145__sub18	m2_union	synthetic slug; M2 region union
r00145__sub19_6_157979344_168862358	m2_region_00145__sub19	m2_union	synthetic slug; M2 region union
r00145__sub20_6_162862358_170745387	m2_region_00145__sub20	m2_union	synthetic slug; M2 region union
r00146__sub00_7_10000_7842020	m2_region_00146__sub00	m2_union	synthetic slug; M2 region union
r00146__sub01_7_1842020_12674040	m2_region_00146__sub01	m2_union	synthetic slug; M2 region union
r00146__sub02_7_6674040_17506060	m2_region_00146__sub02	m2_union	synthetic slug; M2 region union
r00146__sub03_7_11506060_22338080	m2_region_00146__sub03	m2_union	synthetic slug; M2 region union
r00146__sub04_7_16338080_27170100	m2_region_00146__sub04	m2_union	synthetic slug; M2 region union
r00146__sub05_7_21170100_32002120	m2_region_00146__sub05	m2_union	synthetic slug; M2 region union
r00146__sub06_7_26002120_36834140	m2_region_00146__sub06	m2_union	synthetic slug; M2 region union
r00146__sub07_7_30834140_41666160	m2_region_00146__sub07	m2_union	synthetic slug; M2 region union
r00146__sub08_7_35666160_46498180	m2_region_00146__sub08	m2_union	synthetic slug; M2 region union
r00146__sub09_7_40498180_51330200	m2_region_00146__sub09	m2_union	synthetic slug; M2 region union
r00146__sub10_7_45330200_56162220	m2_region_00146__sub10	m2_union	synthetic slug; M2 region union
r00146__sub11_7_50162220_57994244	m2_region_00146__sub11	m2_union	synthetic slug; M2 region union
r00147_7_62151190_68593036	m2_region_00147	m2_union	synthetic slug; M2 region union
r00148_7_68805662_84330688	m2_region_00148	m2_union	synthetic slug; M2 region union
r00149_7_84461687_132935087	m2_region_00149	m2_union	synthetic slug; M2 region union
r00150_7_133295041_144395176	m2_region_00150	m2_union	synthetic slug; M2 region union
r00151_7_144698678_152718451	m2_region_00151	m2_union	synthetic slug; M2 region union
r00152_7_153504768_159335159	m2_region_00152	m2_union	synthetic slug; M2 region union
r00153_8_415488_35662001	m2_region_00153	m2_union	synthetic slug; M2 region union
r00154_8_35850672_43744346	m2_region_00154	m2_union	synthetic slug; M2 region union
r00155_8_45927589_62582329	m2_region_00155	m2_union	synthetic slug; M2 region union
r00156_8_62596395_77617230	m2_region_00156	m2_union	synthetic slug; M2 region union
r00157_8_78195137_108449599	m2_region_00157	m2_union	synthetic slug; M2 region union
r00158_8_109128298_145077831	m2_region_00158	m2_union	synthetic slug; M2 region union
r00159_9_10000_26281229	m2_region_00159	m2_union	synthetic slug; M2 region union
r00160_9_26612920_39396005	m2_region_00160	m2_union	synthetic slug; M2 region union
r00161__sub00_9_65167510_73040520	m2_region_00161__sub00	m2_union	synthetic slug; M2 region union
r00161__sub01_9_67040520_77913530	m2_region_00161__sub01	m2_union	synthetic slug; M2 region union
r00161__sub02_9_71913530_82786540	m2_region_00161__sub02	m2_union	synthetic slug; M2 region union
r00161__sub03_9_76786540_87659550	m2_region_00161__sub03	m2_union	synthetic slug; M2 region union
r00161__sub04_9_81659550_92532560	m2_region_00161__sub04	m2_union	synthetic slug; M2 region union
r00161__sub05_9_86532560_97405570	m2_region_00161__sub05	m2_union	synthetic slug; M2 region union
r00161__sub06_9_91405570_102278580	m2_region_00161__sub06	m2_union	synthetic slug; M2 region union
r00161__sub07_9_96278580_107151590	m2_region_00161__sub07	m2_union	synthetic slug; M2 region union
r00161__sub08_9_101151590_112024600	m2_region_00161__sub08	m2_union	synthetic slug; M2 region union
r00161__sub09_9_106024600_116897610	m2_region_00161__sub09	m2_union	synthetic slug; M2 region union
r00161__sub10_9_110897610_121770620	m2_region_00161__sub10	m2_union	synthetic slug; M2 region union
r00161__sub11_9_115770620_126643630	m2_region_00161__sub11	m2_union	synthetic slug; M2 region union
r00161__sub12_9_120643630_131516640	m2_region_00161__sub12	m2_union	synthetic slug; M2 region union
r00161__sub13_9_125516640_136389650	m2_region_00161__sub13	m2_union	synthetic slug; M2 region union
r00161__sub14_9_130389650_138262671	m2_region_00161__sub14	m2_union	synthetic slug; M2 region union
