ancestry	region	exact	flipped	dropped_ambiguous	dropped_palindromic	dropped_mismatch	dropped_unusable	reject	n_catalog	n_panel
EUR	ACE_AGT_1q42__tile1	9138	6	2040	1689	0	2	NA	12621	12621
EUR	ACE_AGT_1q42__tile2	9774	4	2979	1907	0	5	NA	14353	14353
EUR	ACE_AGT_1q42__tile3	9993	8	3004	1987	0	1	NA	14589	14589
EUR	ANGPTL3_1p31_1__tile1	9430	0	1451	1689	0	1	NA	12391	12391
EUR	APOE_19q13__tile1	9120	8	2206	1770	0	2	NA	12836	12836
EUR	APOE_19q13__tile2	8111	2	1925	1590	0	0	NA	11413	11413
EUR	APOL1_22q12__tile1	2654	599	0	527	74	0	NA	6996	2704
EUR	APOL1_22q12__tile2	2256	509	0	406	65	0	NA	5954	2271
EUR	APOL1_MYH9_block_22q12q13__tile1	7721	2	2006	1492	0	0	NA	10981	10981
EUR	APOL1_MYH9_block_22q12q13__tile2	8244	4	1546	1454	0	0	NA	11050	11050
EUR	APOL1_MYH9_block_22q12q13__tile3	2139	443	0	410	59	0	NA	5557	2123
EUR	ATP2B1_12q21_33__tile1	758	184	0	177	17	0	NA	2181	817
EUR	ATP2B1_12q21_33__tile2	803	243	0	171	20	0	NA	2184	914
EUR	ATP2B1_12q21_33__tile3	784	201	0	160	21	0	NA	2309	904
EUR	ATP2B1_12q21_33__tile4	716	223	0	176	21	0	NA	2363	878
EUR	ATP2B1_12q21_33__tile5	736	196	0	155	18	0	NA	2538	847
EUR	ATP2B1_12q21_33__tile6	688	197	0	145	16	0	NA	2529	784
EUR	BDNF_11p14__tile1	793	208	0	141	13	0	NA	2107	957
EUR	BDNF_11p14__tile2	835	191	0	159	15	0	NA	2307	995
EUR	BDNF_11p14__tile3	842	178	0	155	21	0	NA	2228	981
EUR	BDNF_11p14__tile4	751	213	0	180	22	0	NA	2233	1016
EUR	BDNF_11p14__tile5	842	184	0	179	13	0	NA	2346	1063
EUR	BDNF_11p14__tile6	771	180	0	158	16	0	NA	2303	1006
EUR	BMI_5q13_3__tile1	5895	4	1017	1121	0	6	NA	7909	7909
EUR	BMI_5q13_3__tile10	7457	6	1850	1559	0	7	NA	10629	10629
EUR	BMI_5q13_3__tile11	6720	4	1740	1312	0	7	NA	9589	9589
EUR	BMI_5q13_3__tile12	6420	0	1184	1140	0	15	NA	8629	8629
EUR	BMI_5q13_3__tile2	6214	2	1403	1214	0	9	NA	8622	8622
EUR	BMI_5q13_3__tile3	6282	2	1331	1213	0	10	NA	8642	8642
EUR	BMI_5q13_3__tile4	7173	4	1865	1385	0	10	NA	10199	10199
EUR	BMI_5q13_3__tile5	7220	0	1761	1425	0	16	NA	10194	10194
EUR	BMI_5q13_3__tile6	7189	6	1531	1306	0	12	NA	9852	9852
EUR	BMI_5q13_3__tile7	6606	2	1246	1269	0	4	NA	8975	8975
EUR	BMI_5q13_3__tile8	6888	2	1284	1326	0	4	NA	9298	9298
EUR	BMI_5q13_3__tile9	6193	2	1321	1235	0	5	NA	8566	8566
EUR	BMI_Xq24__tile1	19932	0	0	3282	0	0	NA	23214	23214
EUR	CDKAL1_6p22_3__tile1	705	217	0	130	22	0	NA	1955	922
EUR	CDKAL1_6p22_3__tile2	739	184	0	135	18	0	NA	1955	899
EUR	CDKAL1_6p22_3__tile3	702	215	0	144	9	0	NA	1849	855
EUR	CDKN2A_B_9p21__tile1	6690	2	1711	1984	0	2	NA	10042	10042
EUR	CDKN2A_B_9p21__tile2	5515	4	1426	1439	0	1	NA	8146	8146
EUR	CDKN2A_B_9p21__tile3	6530	2	1645	1675	0	2	NA	9602	9602
EUR	CDKN2A_B_9p21__tile4	6508	6	1544	1636	0	2	NA	9426	9426
EUR	CXADR_F2RL1_6p21__tile1	6532	4	1721	1434	0	1	NA	9472	9472
EUR	CXADR_F2RL1_6p21__tile2	5502	2	1328	1166	0	2	NA	7814	7814
EUR	CXADR_F2RL1_6p21__tile3	5583	6	1608	1109	0	2	NA	8102	8102
EUR	CXADR_F2RL1_6p21__tile4	5401	4	1662	1145	0	3	NA	7995	7995
EUR	CXADR_F2RL1_6p21__tile5	5397	2	1606	1064	0	2	NA	7897	7897
EUR	CYP17A1_NT5C2_10q24__tile1	5096	4	713	902	0	0	NA	6623	6623
EUR	CYP17A1_NT5C2_10q24__tile2	5594	0	996	989	0	1	NA	7480	7480
EUR	CYP17A1_NT5C2_10q24__tile3	5800	4	1157	1147	0	0	NA	7960	7960
EUR	FADS1_11q12__tile1	5097	0	1281	980	0	0	NA	7246	7246
EUR	FADS1_11q12__tile2	6243	4	1596	1095	0	1	NA	8771	8771
EUR	FTO_16q12__tile1	2690	698	0	496	58	0	NA	6897	3095
EUR	FTO_16q12__tile2	2825	680	0	537	58	0	NA	6992	3171
EUR	FTO_16q12	1673	867	0	399	56	0	NA	18428	1473
EUR	GCK_7p15__tile1	803	152	0	140	13	0	NA	2111	894
EUR	GCK_7p15__tile2	784	208	0	147	13	0	NA	2215	926
EUR	GCK_7p15__tile3	741	184	0	161	23	0	NA	2220	938
EUR	GCKR_2p23_3__tile1	2075	421	0	432	67	0	NA	6177	2457
EUR	GCKR_2p23_3__tile2	1818	516	0	376	42	0	NA	5487	2240
EUR	GNPDA2_4p12__tile1	9239	6	2067	1888	0	1	NA	12907	12907
EUR	GPRC5B_16p12_3__tile1	7774	2	1833	1439	0	0	NA	10830	10830
EUR	GUCY1A3_GUCY1B3_4q32__tile1	8086	6	1615	1525	0	3	NA	11028	11028
EUR	GUCY1A3_GUCY1B3_4q32__tile2	7751	6	1949	1551	0	4	NA	10991	10991
EUR	GUCY1A3_GUCY1B3_4q32__tile3	8026	4	2271	1736	0	1	NA	11696	11696
EUR	HBB_11p15_4__tile1	10895	12	2681	2562	0	5	NA	15717	15717
EUR	HHEX_10q23__tile1	678	191	0	151	20	0	NA	2536	790
EUR	HHEX_10q23__tile2	776	195	0	158	20	0	NA	2476	860
EUR	HHEX_10q23__tile3	795	165	0	164	16	0	NA	2322	794
EUR	HHEX_10q23__tile4	751	221	0	151	25	0	NA	2327	815
EUR	HHEX_10q23__tile5	781	160	0	149	23	0	NA	2203	760
EUR	HHEX_10q23__tile6	804	190	0	136	20	0	NA	2292	829
EUR	HHEX_10q23__tile7	779	188	0	157	19	0	NA	2322	820
EUR	HHEX_10q23__tile8	686	251	0	169	17	0	NA	2360	830
EUR	HLAII_6p21__tile1	3048	526	0	605	36	0	NA	6241	3051
EUR	HLAII_6p21__tile2	8734	2	3182	1877	0	0	NA	13401	13401
EUR	HLAII_6p21__tile3	22556	46	3974	4461	0	0	NA	30551	30551
EUR	HLAII_6p21__tile4	5885	6	2744	1406	0	1	NA	9666	9666
EUR	HNF1A_12q24_31__tile1	695	146	0	116	16	0	NA	1787	671
EUR	HNF1A_12q24_31__tile2	700	146	0	144	20	0	NA	1758	710
EUR	HNF1A_12q24_31__tile3	740	163	0	133	16	0	NA	1715	731
EUR	HNF1A_12q24_31__tile4	666	130	0	121	27	0	NA	1851	671
EUR	IL1RL1_IL18R1_2q12__tile1	7716	2	1492	1380	0	0	NA	10438	10438
EUR	IL1RL1_IL18R1_2q12__tile2	6894	6	1755	1326	0	3	NA	9782	9782
EUR	IL1RL1_IL18R1_2q12__tile3	6735	4	1288	1308	0	3	NA	9172	9172
EUR	IL1RL1_IL18R1_2q12__tile4	293	80	0	82	9	0	NA	1101	377
EUR	IL33_9p24_1__tile1	4624	891	0	1192	38	0	NA	8500	4219
EUR	IL33_9p24_1__tile2	4312	4	4093	1879	0	3	NA	9510	9510
EUR	IRS1_2q36__tile1	671	262	0	125	19	0	NA	2312	847
EUR	IRS1_2q36__tile2	693	201	0	153	19	0	NA	2251	804
EUR	IRS1_2q36__tile3	670	174	0	114	21	0	NA	2163	686
EUR	IRS1_2q36__tile4	730	185	0	160	16	0	NA	2152	773
EUR	IRS1_2q36__tile5	644	199	0	142	15	0	NA	2228	722
EUR	IRS1_2q36__tile6	737	241	0	179	20	0	NA	2269	837
EUR	IRS1_2q36__tile7	779	214	0	146	24	0	NA	2179	834
EUR	IRS1_2q36__tile8	567	160	0	139	23	0	NA	2334	659
EUR	KCNJ11_ABCC8_11p15__tile1	5527	6	1225	1072	0	1	NA	7657	7657
EUR	KCNJ11_ABCC8_11p15__tile2	5863	4	1880	1294	0	1	NA	8767	8767
EUR	KCNQ1_11p15_5__tile1	826	175	0	125	34	0	NA	2201	971
EUR	KCNQ1_11p15_5__tile2	824	186	0	162	16	0	NA	2308	987
EUR	KCNQ1_11p15_5__tile3	840	158	0	168	29	0	NA	2227	951
EUR	KCNQ1_11p15_5__tile4	923	169	0	171	14	0	NA	2212	945
EUR	LPA_6q25_3__tile1	8532	4	1908	1582	0	4	NA	11834	11834
EUR	LPA_6q25_3__tile2	8047	0	1833	1511	0	3	NA	11158	11158
EUR	LPA_6q25_3__tile3	8077	6	1743	1489	0	1	NA	11084	11084
EUR	MC4R_18q21__tile1	6820	4	1430	1317	0	9	NA	9370	9370
EUR	MC4R_18q21__tile2	7321	6	1613	1380	0	2	NA	10078	10078
EUR	NEGR1_1p31_1__tile1	6749	2	906	1289	0	0	NA	8836	8836
EUR	NEGR1_1p31_1__tile2	7113	6	1185	1445	0	0	NA	9611	9611
EUR	NEGR1_1p31_1__tile3	7051	2	1271	1398	0	3	NA	9521	9521
EUR	NEGR1_1p31_1__tile4	6799	4	1168	1321	0	0	NA	9124	9124
EUR	NOS3_7q36__tile1	7819	8	1830	1516	0	4	NA	10985	10985
EUR	NOS3_7q36__tile2	6578	6	1593	1188	0	2	NA	9181	9181
EUR	NPR3_C5orf23_5p13__tile1	7170	6	1570	1245	0	2	NA	9835	9835
EUR	NPR3_C5orf23_5p13__tile2	6640	6	1559	1289	0	5	NA	9303	9303
EUR	NPR3_C5orf23_5p13__tile3	6786	2	1590	1404	0	13	NA	9579	9579
EUR	ORMDL3_GSDMB_17q12q21__tile1	278	48	0	40	24	0	NA	2774	290
EUR	ORMDL3_GSDMB_17q12q21__tile10	697	177	0	130	21	0	NA	2451	773
EUR	ORMDL3_GSDMB_17q12q21__tile11	792	176	0	142	29	0	NA	2373	835
EUR	ORMDL3_GSDMB_17q12q21__tile12	783	173	0	153	21	0	NA	2280	812
EUR	ORMDL3_GSDMB_17q12q21__tile13	697	190	0	133	18	0	NA	2421	803
EUR	ORMDL3_GSDMB_17q12q21__tile14	700	200	0	178	30	0	NA	2383	829
EUR	ORMDL3_GSDMB_17q12q21__tile15	665	196	0	150	28	0	NA	2290	744
EUR	ORMDL3_GSDMB_17q12q21__tile16	1019	271	0	212	14	0	NA	2008	1088
EUR	ORMDL3_GSDMB_17q12q21__tile17	895	193	0	198	22	0	NA	2230	1020
EUR	ORMDL3_GSDMB_17q12q21__tile18	803	183	0	159	30	0	NA	2225	855
EUR	ORMDL3_GSDMB_17q12q21__tile19	834	159	0	141	24	0	NA	2322	874
EUR	ORMDL3_GSDMB_17q12q21__tile2	857	249	0	169	26	0	NA	2552	961
EUR	ORMDL3_GSDMB_17q12q21__tile3	943	218	0	214	19	0	NA	2420	980
EUR	ORMDL3_GSDMB_17q12q21__tile4	856	196	0	179	13	0	NA	2161	879
EUR	ORMDL3_GSDMB_17q12q21__tile5	789	201	0	142	23	0	NA	2140	809
EUR	ORMDL3_GSDMB_17q12q21__tile6	823	173	0	144	21	0	NA	2151	791
EUR	ORMDL3_GSDMB_17q12q21__tile7	630	181	0	164	24	0	NA	2392	755
EUR	ORMDL3_GSDMB_17q12q21__tile8	702	180	0	137	33	0	NA	2437	808
EUR	ORMDL3_GSDMB_17q12q21__tile9	674	188	0	127	30	0	NA	2470	770
EUR	PCSK1_5q15__tile1	8688	4	1750	1605	0	14	NA	11835	11835
EUR	PCSK9_1p32__tile1	8303	6	2008	1518	0	2	NA	11637	11637
EUR	PCSK9_1p32__tile2	8135	4	2298	1531	0	1	NA	11685	11685
EUR	PCSK9_1p32__tile3	1274	237	0	229	36	0	NA	3306	1294
EUR	PLCE1_10q23__tile1	5432	0	1192	1041	0	2	NA	7503	7503
EUR	PLCE1_10q23__tile2	5192	2	1126	958	0	2	NA	7148	7148
EUR	PLCE1_10q23__tile3	6040	0	897	1087	0	1	NA	7889	7889
EUR	PPARG_3p25__tile1	855	181	0	159	25	0	NA	2423	941
EUR	PPARG_3p25__tile10	739	184	0	133	23	0	NA	2228	845
EUR	PPARG_3p25__tile2	809	208	0	187	16	0	NA	2373	901
EUR	PPARG_3p25__tile3	805	223	0	164	21	0	NA	2412	888
EUR	PPARG_3p25__tile4	767	229	0	152	14	0	NA	2364	830
EUR	PPARG_3p25__tile5	800	208	0	172	31	0	NA	2461	888
EUR	PPARG_3p25__tile6	829	233	0	150	26	0	NA	2513	932
EUR	PPARG_3p25__tile7	815	217	0	153	21	0	NA	2360	878
EUR	PPARG_3p25__tile8	700	234	0	157	24	0	NA	2234	827
EUR	PPARG_3p25__tile9	670	168	0	142	9	0	NA	2254	759
EUR	PYHIN1_1q23__tile1	768	170	0	186	14	0	NA	1921	841
EUR	PYHIN1_1q23__tile2	710	210	0	152	12	0	NA	2023	875
EUR	PYHIN1_1q23__tile3	714	190	0	157	13	0	NA	2007	861
EUR	PYHIN1_1q23__tile4	785	198	0	138	12	0	NA	1959	852
EUR	RAD50_IL13_5q31_1__tile1	747	209	0	157	25	0	NA	2642	906
EUR	RAD50_IL13_5q31_1__tile10	738	185	0	179	18	0	NA	2351	821
EUR	RAD50_IL13_5q31_1__tile11	701	181	0	153	24	0	NA	2419	818
EUR	RAD50_IL13_5q31_1__tile12	732	171	0	145	23	0	NA	2366	776
EUR	RAD50_IL13_5q31_1__tile13	765	176	0	174	21	0	NA	2321	823
EUR	RAD50_IL13_5q31_1__tile14	763	224	0	175	17	0	NA	2265	841
EUR	RAD50_IL13_5q31_1__tile15	848	185	0	187	17	0	NA	2243	882
EUR	RAD50_IL13_5q31_1__tile2	824	231	0	188	27	0	NA	2707	1034
EUR	RAD50_IL13_5q31_1__tile3	857	210	0	176	27	0	NA	2630	980
EUR	RAD50_IL13_5q31_1__tile4	906	221	0	225	13	0	NA	2632	1048
EUR	RAD50_IL13_5q31_1__tile5	926	226	0	194	26	0	NA	2544	1034
EUR	RAD50_IL13_5q31_1__tile6	924	209	0	188	21	0	NA	2495	984
EUR	RAD50_IL13_5q31_1__tile7	905	214	0	195	15	0	NA	2469	959
EUR	RAD50_IL13_5q31_1__tile8	827	167	0	146	19	0	NA	2413	839
EUR	RAD50_IL13_5q31_1__tile9	733	240	0	147	16	0	NA	2408	845
EUR	RAD50_peak__tile1	1815	1145	0	514	1	0	NA	3513	3475
EUR	SEC16B_1q25_2__tile1	8752	8	2085	1566	0	4	NA	12161	12161
EUR	SH2B1_16p11_2__tile1	1708	354	0	321	46	0	NA	4705	2146
EUR	SH2B1_16p11_2__tile2	5463	2	1357	848	0	1	NA	7551	7551
EUR	SH2B3_12q24__tile1	5407	0	900	940	0	2	NA	7163	7163
EUR	SH2B3_12q24__tile2	5114	0	1022	900	0	0	NA	6892	6892
EUR	SH2B3_12q24__tile3	1305	333	0	226	28	0	NA	3675	1514
EUR	SLC30A8_8q24_11__tile1	661	193	0	146	12	0	NA	2200	742
EUR	SLC30A8_8q24_11__tile2	657	203	0	174	22	0	NA	2116	760
EUR	SLC30A8_8q24_11__tile3	741	224	0	155	20	0	NA	2137	851
EUR	SLC30A8_8q24_11__tile4	708	210	0	150	14	0	NA	2252	855
EUR	SLC30A8_8q24_11__tile5	714	237	0	136	25	0	NA	2184	798
EUR	SLC30A8_8q24_11__tile6	641	210	0	132	12	0	NA	2148	739
EUR	SLC30A8_8q24_11__tile7	695	208	0	139	13	0	NA	2101	771
EUR	SLC30A8_8q24_11__tile8	675	184	0	157	20	0	NA	2142	741
EUR	SLC4A7_3p24__tile1	7893	8	2115	1861	0	1	NA	11572	11572
EUR	SLC4A7_3p24__tile2	6056	6	1637	1314	0	1	NA	8789	8789
EUR	SLC4A7_3p24__tile3	6296	6	2219	1516	0	0	NA	9741	9741
EUR	TCF7L2_10q25__tile1	702	231	0	167	21	0	NA	2394	815
EUR	TCF7L2_10q25__tile10	772	216	0	174	26	0	NA	2340	888
EUR	TCF7L2_10q25__tile2	805	214	0	137	21	0	NA	2382	883
EUR	TCF7L2_10q25__tile3	791	202	0	168	17	0	NA	2375	858
EUR	TCF7L2_10q25__tile4	737	172	0	177	25	0	NA	2453	806
EUR	TCF7L2_10q25__tile5	793	211	0	165	16	0	NA	2394	852
EUR	TCF7L2_10q25__tile6	777	193	0	163	23	0	NA	2387	864
EUR	TCF7L2_10q25__tile7	709	195	0	159	26	0	NA	2461	834
EUR	TCF7L2_10q25__tile8	848	220	0	168	26	0	NA	2341	933
EUR	TCF7L2_10q25__tile9	785	200	0	154	20	0	NA	2308	834
EUR	TMEM18_2p25__tile1	6275	2	5191	1640	0	1	NA	12525	12525
EUR	TSLP_5q22_1__tile1	7394	4	1037	1723	0	6	NA	9962	9962
EUR	TSLP_5q22_1__tile2	7067	4	1288	1650	0	19	NA	9812	9812
EUR	TSLP_5q22_1__tile3	6815	8	1335	1502	0	14	NA	9478	9478
EUR	UMOD_16p12__tile1	2617	729	0	523	61	0	NA	6708	3071
EUR	UMOD_16p12__tile2	2385	565	0	583	63	0	NA	6516	3076
AFR	ACE_AGT_1q42__tile1	9138	6	2040	1689	0	2	NA	12621	12621
AFR	ACE_AGT_1q42__tile2	9774	4	2979	1907	0	5	NA	14353	14353
AFR	ACE_AGT_1q42__tile3	9993	8	3004	1987	0	1	NA	14589	14589
AFR	ANGPTL3_1p31_1__tile1	9430	0	1451	1689	0	1	NA	12391	12391
AFR	APOE_19q13__tile1	9120	8	2206	1770	0	2	NA	12836	12836
AFR	APOE_19q13__tile2	8111	2	1925	1590	0	0	NA	11413	11413
AFR	APOL1_22q12__tile1	2654	599	0	527	74	0	NA	6996	2704
AFR	APOL1_22q12__tile2	2256	509	0	406	65	0	NA	5954	2271
AFR	APOL1_MYH9_block_22q12q13__tile1	7721	2	2006	1492	0	0	NA	10981	10981
AFR	APOL1_MYH9_block_22q12q13__tile2	8244	4	1546	1454	0	0	NA	11050	11050
AFR	APOL1_MYH9_block_22q12q13__tile3	2139	443	0	410	59	0	NA	5557	2123
AFR	ATP2B1_12q21_33__tile1	758	184	0	177	17	0	NA	2181	817
AFR	ATP2B1_12q21_33__tile2	803	243	0	171	20	0	NA	2184	914
AFR	ATP2B1_12q21_33__tile3	784	201	0	160	21	0	NA	2309	904
AFR	ATP2B1_12q21_33__tile4	716	223	0	176	21	0	NA	2363	878
AFR	ATP2B1_12q21_33__tile5	736	196	0	155	18	0	NA	2538	847
AFR	ATP2B1_12q21_33__tile6	688	197	0	145	16	0	NA	2529	784
AFR	BDNF_11p14__tile1	793	208	0	141	13	0	NA	2107	957
AFR	BDNF_11p14__tile2	835	191	0	159	15	0	NA	2307	995
AFR	BDNF_11p14__tile3	842	178	0	155	21	0	NA	2228	981
AFR	BDNF_11p14__tile4	751	213	0	180	22	0	NA	2233	1016
AFR	BDNF_11p14__tile5	842	184	0	179	13	0	NA	2346	1063
AFR	BDNF_11p14__tile6	771	180	0	158	16	0	NA	2303	1006
AFR	BMI_5q13_3__tile1	5895	4	1017	1121	0	6	NA	7909	7909
AFR	BMI_5q13_3__tile10	7457	6	1850	1559	0	7	NA	10629	10629
AFR	BMI_5q13_3__tile11	6720	4	1740	1312	0	7	NA	9589	9589
AFR	BMI_5q13_3__tile12	6420	0	1184	1140	0	15	NA	8629	8629
AFR	BMI_5q13_3__tile2	6214	2	1403	1214	0	9	NA	8622	8622
AFR	BMI_5q13_3__tile3	6282	2	1331	1213	0	10	NA	8642	8642
AFR	BMI_5q13_3__tile4	7173	4	1865	1385	0	10	NA	10199	10199
AFR	BMI_5q13_3__tile5	7220	0	1761	1425	0	16	NA	10194	10194
AFR	BMI_5q13_3__tile6	7189	6	1531	1306	0	12	NA	9852	9852
AFR	BMI_5q13_3__tile7	6606	2	1246	1269	0	4	NA	8975	8975
AFR	BMI_5q13_3__tile8	6888	2	1284	1326	0	4	NA	9298	9298
AFR	BMI_5q13_3__tile9	6193	2	1321	1235	0	5	NA	8566	8566
AFR	BMI_Xq24__tile1	19932	0	0	3282	0	0	NA	23214	23214
AFR	CDKAL1_6p22_3__tile1	705	217	0	130	22	0	NA	1955	922
AFR	CDKAL1_6p22_3__tile2	739	184	0	135	18	0	NA	1955	899
AFR	CDKAL1_6p22_3__tile3	702	215	0	144	9	0	NA	1849	855
AFR	CDKN2A_B_9p21__tile1	6690	2	1711	1984	0	2	NA	10042	10042
AFR	CDKN2A_B_9p21__tile2	5515	4	1426	1439	0	1	NA	8146	8146
AFR	CDKN2A_B_9p21__tile3	6530	2	1645	1675	0	2	NA	9602	9602
AFR	CDKN2A_B_9p21__tile4	6508	6	1544	1636	0	2	NA	9426	9426
AFR	CXADR_F2RL1_6p21__tile1	6532	4	1721	1434	0	1	NA	9472	9472
AFR	CXADR_F2RL1_6p21__tile2	5502	2	1328	1166	0	2	NA	7814	7814
AFR	CXADR_F2RL1_6p21__tile3	5583	6	1608	1109	0	2	NA	8102	8102
AFR	CXADR_F2RL1_6p21__tile4	5401	4	1662	1145	0	3	NA	7995	7995
AFR	CXADR_F2RL1_6p21__tile5	5397	2	1606	1064	0	2	NA	7897	7897
AFR	CYP17A1_NT5C2_10q24__tile1	5096	4	713	902	0	0	NA	6623	6623
AFR	CYP17A1_NT5C2_10q24__tile2	5594	0	996	989	0	1	NA	7480	7480
AFR	CYP17A1_NT5C2_10q24__tile3	5800	4	1157	1147	0	0	NA	7960	7960
AFR	FADS1_11q12__tile1	5097	0	1281	980	0	0	NA	7246	7246
AFR	FADS1_11q12__tile2	6243	4	1596	1095	0	1	NA	8771	8771
AFR	FTO_16q12__tile1	2690	698	0	496	58	0	NA	6897	3095
AFR	FTO_16q12__tile2	2825	680	0	537	58	0	NA	6992	3171
AFR	FTO_16q12	1673	867	0	399	56	0	NA	18428	1473
AFR	GCK_7p15__tile1	803	152	0	140	13	0	NA	2111	894
AFR	GCK_7p15__tile2	784	208	0	147	13	0	NA	2215	926
AFR	GCK_7p15__tile3	741	184	0	161	23	0	NA	2220	938
AFR	GCKR_2p23_3__tile1	2075	421	0	432	67	0	NA	6177	2457
AFR	GCKR_2p23_3__tile2	1818	516	0	376	42	0	NA	5487	2240
AFR	GNPDA2_4p12__tile1	9239	6	2067	1888	0	1	NA	12907	12907
AFR	GPRC5B_16p12_3__tile1	7774	2	1833	1439	0	0	NA	10830	10830
AFR	GUCY1A3_GUCY1B3_4q32__tile1	8086	6	1615	1525	0	3	NA	11028	11028
AFR	GUCY1A3_GUCY1B3_4q32__tile2	7751	6	1949	1551	0	4	NA	10991	10991
AFR	GUCY1A3_GUCY1B3_4q32__tile3	8026	4	2271	1736	0	1	NA	11696	11696
AFR	HBB_11p15_4__tile1	10895	12	2681	2562	0	5	NA	15717	15717
AFR	HHEX_10q23__tile1	678	191	0	151	20	0	NA	2536	790
AFR	HHEX_10q23__tile2	776	195	0	158	20	0	NA	2476	860
AFR	HHEX_10q23__tile3	795	165	0	164	16	0	NA	2322	794
AFR	HHEX_10q23__tile4	751	221	0	151	25	0	NA	2327	815
AFR	HHEX_10q23__tile5	781	160	0	149	23	0	NA	2203	760
AFR	HHEX_10q23__tile6	804	190	0	136	20	0	NA	2292	829
AFR	HHEX_10q23__tile7	779	188	0	157	19	0	NA	2322	820
AFR	HHEX_10q23__tile8	686	251	0	169	17	0	NA	2360	830
AFR	HLAII_6p21__tile1	3048	526	0	605	36	0	NA	6241	3051
AFR	HLAII_6p21__tile2	8734	2	3182	1877	0	0	NA	13401	13401
AFR	HLAII_6p21__tile3	22556	46	3974	4461	0	0	NA	30551	30551
AFR	HLAII_6p21__tile4	5885	6	2744	1406	0	1	NA	9666	9666
AFR	HNF1A_12q24_31__tile1	695	146	0	116	16	0	NA	1787	671
AFR	HNF1A_12q24_31__tile2	700	146	0	144	20	0	NA	1758	710
AFR	HNF1A_12q24_31__tile3	740	163	0	133	16	0	NA	1715	731
AFR	HNF1A_12q24_31__tile4	666	130	0	121	27	0	NA	1851	671
AFR	IL1RL1_IL18R1_2q12__tile1	7716	2	1492	1380	0	0	NA	10438	10438
AFR	IL1RL1_IL18R1_2q12__tile2	6894	6	1755	1326	0	3	NA	9782	9782
AFR	IL1RL1_IL18R1_2q12__tile3	6735	4	1288	1308	0	3	NA	9172	9172
AFR	IL1RL1_IL18R1_2q12__tile4	293	80	0	82	9	0	NA	1101	377
AFR	IL33_9p24_1__tile1	4624	891	0	1192	38	0	NA	8500	4219
AFR	IL33_9p24_1__tile2	4312	4	4093	1879	0	3	NA	9510	9510
AFR	IRS1_2q36__tile1	671	262	0	125	19	0	NA	2312	847
AFR	IRS1_2q36__tile2	693	201	0	153	19	0	NA	2251	804
AFR	IRS1_2q36__tile3	670	174	0	114	21	0	NA	2163	686
AFR	IRS1_2q36__tile4	730	185	0	160	16	0	NA	2152	773
AFR	IRS1_2q36__tile5	644	199	0	142	15	0	NA	2228	722
AFR	IRS1_2q36__tile6	737	241	0	179	20	0	NA	2269	837
AFR	IRS1_2q36__tile7	779	214	0	146	24	0	NA	2179	834
AFR	IRS1_2q36__tile8	567	160	0	139	23	0	NA	2334	659
AFR	KCNJ11_ABCC8_11p15__tile1	5527	6	1225	1072	0	1	NA	7657	7657
AFR	KCNJ11_ABCC8_11p15__tile2	5863	4	1880	1294	0	1	NA	8767	8767
AFR	KCNQ1_11p15_5__tile1	826	175	0	125	34	0	NA	2201	971
AFR	KCNQ1_11p15_5__tile2	824	186	0	162	16	0	NA	2308	987
AFR	KCNQ1_11p15_5__tile3	840	158	0	168	29	0	NA	2227	951
AFR	KCNQ1_11p15_5__tile4	923	169	0	171	14	0	NA	2212	945
AFR	LPA_6q25_3__tile1	8532	4	1908	1582	0	4	NA	11834	11834
AFR	LPA_6q25_3__tile2	8047	0	1833	1511	0	3	NA	11158	11158
AFR	LPA_6q25_3__tile3	8077	6	1743	1489	0	1	NA	11084	11084
AFR	MC4R_18q21__tile1	6820	4	1430	1317	0	9	NA	9370	9370
AFR	MC4R_18q21__tile2	7321	6	1613	1380	0	2	NA	10078	10078
AFR	NEGR1_1p31_1__tile1	6749	2	906	1289	0	0	NA	8836	8836
AFR	NEGR1_1p31_1__tile2	7113	6	1185	1445	0	0	NA	9611	9611
AFR	NEGR1_1p31_1__tile3	7051	2	1271	1398	0	3	NA	9521	9521
AFR	NEGR1_1p31_1__tile4	6799	4	1168	1321	0	0	NA	9124	9124
AFR	NOS3_7q36__tile1	7819	8	1830	1516	0	4	NA	10985	10985
AFR	NOS3_7q36__tile2	6578	6	1593	1188	0	2	NA	9181	9181
AFR	NPR3_C5orf23_5p13__tile1	7170	6	1570	1245	0	2	NA	9835	9835
AFR	NPR3_C5orf23_5p13__tile2	6640	6	1559	1289	0	5	NA	9303	9303
AFR	NPR3_C5orf23_5p13__tile3	6786	2	1590	1404	0	13	NA	9579	9579
AFR	ORMDL3_GSDMB_17q12q21__tile1	278	48	0	40	24	0	NA	2774	290
AFR	ORMDL3_GSDMB_17q12q21__tile10	697	177	0	130	21	0	NA	2451	773
AFR	ORMDL3_GSDMB_17q12q21__tile11	792	176	0	142	29	0	NA	2373	835
AFR	ORMDL3_GSDMB_17q12q21__tile12	783	173	0	153	21	0	NA	2280	812
AFR	ORMDL3_GSDMB_17q12q21__tile13	697	190	0	133	18	0	NA	2421	803
AFR	ORMDL3_GSDMB_17q12q21__tile14	700	200	0	178	30	0	NA	2383	829
AFR	ORMDL3_GSDMB_17q12q21__tile15	665	196	0	150	28	0	NA	2290	744
AFR	ORMDL3_GSDMB_17q12q21__tile16	1019	271	0	212	14	0	NA	2008	1088
AFR	ORMDL3_GSDMB_17q12q21__tile17	895	193	0	198	22	0	NA	2230	1020
AFR	ORMDL3_GSDMB_17q12q21__tile18	803	183	0	159	30	0	NA	2225	855
AFR	ORMDL3_GSDMB_17q12q21__tile19	834	159	0	141	24	0	NA	2322	874
AFR	ORMDL3_GSDMB_17q12q21__tile2	857	249	0	169	26	0	NA	2552	961
AFR	ORMDL3_GSDMB_17q12q21__tile3	943	218	0	214	19	0	NA	2420	980
AFR	ORMDL3_GSDMB_17q12q21__tile4	856	196	0	179	13	0	NA	2161	879
AFR	ORMDL3_GSDMB_17q12q21__tile5	789	201	0	142	23	0	NA	2140	809
AFR	ORMDL3_GSDMB_17q12q21__tile6	823	173	0	144	21	0	NA	2151	791
AFR	ORMDL3_GSDMB_17q12q21__tile7	630	181	0	164	24	0	NA	2392	755
AFR	ORMDL3_GSDMB_17q12q21__tile8	702	180	0	137	33	0	NA	2437	808
AFR	ORMDL3_GSDMB_17q12q21__tile9	674	188	0	127	30	0	NA	2470	770
AFR	PCSK1_5q15__tile1	8688	4	1750	1605	0	14	NA	11835	11835
AFR	PCSK9_1p32__tile1	8303	6	2008	1518	0	2	NA	11637	11637
AFR	PCSK9_1p32__tile2	8135	4	2298	1531	0	1	NA	11685	11685
AFR	PCSK9_1p32__tile3	1274	237	0	229	36	0	NA	3306	1294
AFR	PLCE1_10q23__tile1	5432	0	1192	1041	0	2	NA	7503	7503
AFR	PLCE1_10q23__tile2	5192	2	1126	958	0	2	NA	7148	7148
AFR	PLCE1_10q23__tile3	6040	0	897	1087	0	1	NA	7889	7889
AFR	PPARG_3p25__tile1	855	181	0	159	25	0	NA	2423	941
AFR	PPARG_3p25__tile10	739	184	0	133	23	0	NA	2228	845
AFR	PPARG_3p25__tile2	809	208	0	187	16	0	NA	2373	901
AFR	PPARG_3p25__tile3	805	223	0	164	21	0	NA	2412	888
AFR	PPARG_3p25__tile4	767	229	0	152	14	0	NA	2364	830
AFR	PPARG_3p25__tile5	800	208	0	172	31	0	NA	2461	888
AFR	PPARG_3p25__tile6	829	233	0	150	26	0	NA	2513	932
AFR	PPARG_3p25__tile7	815	217	0	153	21	0	NA	2360	878
AFR	PPARG_3p25__tile8	700	234	0	157	24	0	NA	2234	827
AFR	PPARG_3p25__tile9	670	168	0	142	9	0	NA	2254	759
AFR	PYHIN1_1q23__tile1	768	170	0	186	14	0	NA	1921	841
AFR	PYHIN1_1q23__tile2	710	210	0	152	12	0	NA	2023	875
AFR	PYHIN1_1q23__tile3	714	190	0	157	13	0	NA	2007	861
AFR	PYHIN1_1q23__tile4	785	198	0	138	12	0	NA	1959	852
AFR	RAD50_IL13_5q31_1__tile1	747	209	0	157	25	0	NA	2642	906
AFR	RAD50_IL13_5q31_1__tile10	738	185	0	179	18	0	NA	2351	821
AFR	RAD50_IL13_5q31_1__tile11	701	181	0	153	24	0	NA	2419	818
AFR	RAD50_IL13_5q31_1__tile12	732	171	0	145	23	0	NA	2366	776
AFR	RAD50_IL13_5q31_1__tile13	765	176	0	174	21	0	NA	2321	823
AFR	RAD50_IL13_5q31_1__tile14	763	224	0	175	17	0	NA	2265	841
AFR	RAD50_IL13_5q31_1__tile15	848	185	0	187	17	0	NA	2243	882
AFR	RAD50_IL13_5q31_1__tile2	824	231	0	188	27	0	NA	2707	1034
AFR	RAD50_IL13_5q31_1__tile3	857	210	0	176	27	0	NA	2630	980
AFR	RAD50_IL13_5q31_1__tile4	906	221	0	225	13	0	NA	2632	1048
AFR	RAD50_IL13_5q31_1__tile5	926	226	0	194	26	0	NA	2544	1034
AFR	RAD50_IL13_5q31_1__tile6	924	209	0	188	21	0	NA	2495	984
AFR	RAD50_IL13_5q31_1__tile7	905	214	0	195	15	0	NA	2469	959
AFR	RAD50_IL13_5q31_1__tile8	827	167	0	146	19	0	NA	2413	839
AFR	RAD50_IL13_5q31_1__tile9	733	240	0	147	16	0	NA	2408	845
AFR	RAD50_peak__tile1	1815	1145	0	514	1	0	NA	3513	3475
AFR	SEC16B_1q25_2__tile1	8752	8	2085	1566	0	4	NA	12161	12161
AFR	SH2B1_16p11_2__tile1	1708	354	0	321	46	0	NA	4705	2146
AFR	SH2B1_16p11_2__tile2	5463	2	1357	848	0	1	NA	7551	7551
AFR	SH2B3_12q24__tile1	5407	0	900	940	0	2	NA	7163	7163
AFR	SH2B3_12q24__tile2	5114	0	1022	900	0	0	NA	6892	6892
AFR	SH2B3_12q24__tile3	1305	333	0	226	28	0	NA	3675	1514
AFR	SLC30A8_8q24_11__tile1	661	193	0	146	12	0	NA	2200	742
AFR	SLC30A8_8q24_11__tile2	657	203	0	174	22	0	NA	2116	760
AFR	SLC30A8_8q24_11__tile3	741	224	0	155	20	0	NA	2137	851
AFR	SLC30A8_8q24_11__tile4	708	210	0	150	14	0	NA	2252	855
AFR	SLC30A8_8q24_11__tile5	714	237	0	136	25	0	NA	2184	798
AFR	SLC30A8_8q24_11__tile6	641	210	0	132	12	0	NA	2148	739
AFR	SLC30A8_8q24_11__tile7	695	208	0	139	13	0	NA	2101	771
AFR	SLC30A8_8q24_11__tile8	675	184	0	157	20	0	NA	2142	741
AFR	SLC4A7_3p24__tile1	7893	8	2115	1861	0	1	NA	11572	11572
AFR	SLC4A7_3p24__tile2	6056	6	1637	1314	0	1	NA	8789	8789
AFR	SLC4A7_3p24__tile3	6296	6	2219	1516	0	0	NA	9741	9741
AFR	TCF7L2_10q25__tile1	702	231	0	167	21	0	NA	2394	815
AFR	TCF7L2_10q25__tile10	772	216	0	174	26	0	NA	2340	888
AFR	TCF7L2_10q25__tile2	805	214	0	137	21	0	NA	2382	883
AFR	TCF7L2_10q25__tile3	791	202	0	168	17	0	NA	2375	858
AFR	TCF7L2_10q25__tile4	737	172	0	177	25	0	NA	2453	806
AFR	TCF7L2_10q25__tile5	793	211	0	165	16	0	NA	2394	852
AFR	TCF7L2_10q25__tile6	777	193	0	163	23	0	NA	2387	864
AFR	TCF7L2_10q25__tile7	709	195	0	159	26	0	NA	2461	834
AFR	TCF7L2_10q25__tile8	848	220	0	168	26	0	NA	2341	933
AFR	TCF7L2_10q25__tile9	785	200	0	154	20	0	NA	2308	834
AFR	TMEM18_2p25__tile1	6275	2	5191	1640	0	1	NA	12525	12525
AFR	TSLP_5q22_1__tile1	7394	4	1037	1723	0	6	NA	9962	9962
AFR	TSLP_5q22_1__tile2	7067	4	1288	1650	0	19	NA	9812	9812
AFR	TSLP_5q22_1__tile3	6815	8	1335	1502	0	14	NA	9478	9478
AFR	UMOD_16p12__tile1	2617	729	0	523	61	0	NA	6708	3071
AFR	UMOD_16p12__tile2	2385	565	0	583	63	0	NA	6516	3076
TRANS	ACE_AGT_1q42__tile1	9138	6	2040	1689	0	2	NA	12621	12621
TRANS	ACE_AGT_1q42__tile2	9774	4	2979	1907	0	5	NA	14353	14353
TRANS	ACE_AGT_1q42__tile3	9993	8	3004	1987	0	1	NA	14589	14589
TRANS	ANGPTL3_1p31_1__tile1	9430	0	1451	1689	0	1	NA	12391	12391
TRANS	APOE_19q13__tile1	9120	8	2206	1770	0	2	NA	12836	12836
TRANS	APOE_19q13__tile2	8111	2	1925	1590	0	0	NA	11413	11413
TRANS	APOL1_22q12__tile1	2654	599	0	527	74	0	NA	6996	2704
TRANS	APOL1_22q12__tile2	2256	509	0	406	65	0	NA	5954	2271
TRANS	APOL1_MYH9_block_22q12q13__tile1	7721	2	2006	1492	0	0	NA	10981	10981
TRANS	APOL1_MYH9_block_22q12q13__tile2	8244	4	1546	1454	0	0	NA	11050	11050
TRANS	APOL1_MYH9_block_22q12q13__tile3	2139	443	0	410	59	0	NA	5557	2123
TRANS	ATP2B1_12q21_33__tile1	758	184	0	177	17	0	NA	2181	817
TRANS	ATP2B1_12q21_33__tile2	803	243	0	171	20	0	NA	2184	914
TRANS	ATP2B1_12q21_33__tile3	784	201	0	160	21	0	NA	2309	904
TRANS	ATP2B1_12q21_33__tile4	716	223	0	176	21	0	NA	2363	878
TRANS	ATP2B1_12q21_33__tile5	736	196	0	155	18	0	NA	2538	847
TRANS	ATP2B1_12q21_33__tile6	688	197	0	145	16	0	NA	2529	784
TRANS	BDNF_11p14__tile1	793	208	0	141	13	0	NA	2107	957
TRANS	BDNF_11p14__tile2	835	191	0	159	15	0	NA	2307	995
TRANS	BDNF_11p14__tile3	842	178	0	155	21	0	NA	2228	981
TRANS	BDNF_11p14__tile4	751	213	0	180	22	0	NA	2233	1016
TRANS	BDNF_11p14__tile5	842	184	0	179	13	0	NA	2346	1063
TRANS	BDNF_11p14__tile6	771	180	0	158	16	0	NA	2303	1006
TRANS	BMI_5q13_3__tile1	5895	4	1017	1121	0	6	NA	7909	7909
TRANS	BMI_5q13_3__tile10	7457	6	1850	1559	0	7	NA	10629	10629
TRANS	BMI_5q13_3__tile11	6720	4	1740	1312	0	7	NA	9589	9589
TRANS	BMI_5q13_3__tile12	6420	0	1184	1140	0	15	NA	8629	8629
TRANS	BMI_5q13_3__tile2	6214	2	1403	1214	0	9	NA	8622	8622
TRANS	BMI_5q13_3__tile3	6282	2	1331	1213	0	10	NA	8642	8642
TRANS	BMI_5q13_3__tile4	7173	4	1865	1385	0	10	NA	10199	10199
TRANS	BMI_5q13_3__tile5	7220	0	1761	1425	0	16	NA	10194	10194
TRANS	BMI_5q13_3__tile6	7189	6	1531	1306	0	12	NA	9852	9852
TRANS	BMI_5q13_3__tile7	6606	2	1246	1269	0	4	NA	8975	8975
TRANS	BMI_5q13_3__tile8	6888	2	1284	1326	0	4	NA	9298	9298
TRANS	BMI_5q13_3__tile9	6193	2	1321	1235	0	5	NA	8566	8566
TRANS	BMI_Xq24__tile1	19932	0	0	3282	0	0	NA	23214	23214
TRANS	CDKAL1_6p22_3__tile1	705	217	0	130	22	0	NA	1955	922
TRANS	CDKAL1_6p22_3__tile2	739	184	0	135	18	0	NA	1955	899
TRANS	CDKAL1_6p22_3__tile3	702	215	0	144	9	0	NA	1849	855
TRANS	CDKN2A_B_9p21__tile1	6690	2	1711	1984	0	2	NA	10042	10042
TRANS	CDKN2A_B_9p21__tile2	5515	4	1426	1439	0	1	NA	8146	8146
TRANS	CDKN2A_B_9p21__tile3	6530	2	1645	1675	0	2	NA	9602	9602
TRANS	CDKN2A_B_9p21__tile4	6508	6	1544	1636	0	2	NA	9426	9426
TRANS	CXADR_F2RL1_6p21__tile1	6532	4	1721	1434	0	1	NA	9472	9472
TRANS	CXADR_F2RL1_6p21__tile2	5502	2	1328	1166	0	2	NA	7814	7814
TRANS	CXADR_F2RL1_6p21__tile3	5583	6	1608	1109	0	2	NA	8102	8102
TRANS	CXADR_F2RL1_6p21__tile4	5401	4	1662	1145	0	3	NA	7995	7995
TRANS	CXADR_F2RL1_6p21__tile5	5397	2	1606	1064	0	2	NA	7897	7897
TRANS	CYP17A1_NT5C2_10q24__tile1	5096	4	713	902	0	0	NA	6623	6623
TRANS	CYP17A1_NT5C2_10q24__tile2	5594	0	996	989	0	1	NA	7480	7480
TRANS	CYP17A1_NT5C2_10q24__tile3	5800	4	1157	1147	0	0	NA	7960	7960
TRANS	FADS1_11q12__tile1	5097	0	1281	980	0	0	NA	7246	7246
TRANS	FADS1_11q12__tile2	6243	4	1596	1095	0	1	NA	8771	8771
TRANS	FTO_16q12__tile1	2690	698	0	496	58	0	NA	6897	3095
TRANS	FTO_16q12__tile2	2825	680	0	537	58	0	NA	6992	3171
TRANS	FTO_16q12	1673	867	0	399	56	0	NA	18428	1473
TRANS	GCK_7p15__tile1	803	152	0	140	13	0	NA	2111	894
TRANS	GCK_7p15__tile2	784	208	0	147	13	0	NA	2215	926
TRANS	GCK_7p15__tile3	741	184	0	161	23	0	NA	2220	938
TRANS	GCKR_2p23_3__tile1	2075	421	0	432	67	0	NA	6177	2457
TRANS	GCKR_2p23_3__tile2	1818	516	0	376	42	0	NA	5487	2240
TRANS	GNPDA2_4p12__tile1	9239	6	2067	1888	0	1	NA	12907	12907
TRANS	GPRC5B_16p12_3__tile1	7774	2	1833	1439	0	0	NA	10830	10830
TRANS	GUCY1A3_GUCY1B3_4q32__tile1	8086	6	1615	1525	0	3	NA	11028	11028
TRANS	GUCY1A3_GUCY1B3_4q32__tile2	7751	6	1949	1551	0	4	NA	10991	10991
TRANS	GUCY1A3_GUCY1B3_4q32__tile3	8026	4	2271	1736	0	1	NA	11696	11696
TRANS	HBB_11p15_4__tile1	10895	12	2681	2562	0	5	NA	15717	15717
TRANS	HHEX_10q23__tile1	678	191	0	151	20	0	NA	2536	790
TRANS	HHEX_10q23__tile2	776	195	0	158	20	0	NA	2476	860
TRANS	HHEX_10q23__tile3	795	165	0	164	16	0	NA	2322	794
TRANS	HHEX_10q23__tile4	751	221	0	151	25	0	NA	2327	815
TRANS	HHEX_10q23__tile5	781	160	0	149	23	0	NA	2203	760
TRANS	HHEX_10q23__tile6	804	190	0	136	20	0	NA	2292	829
TRANS	HHEX_10q23__tile7	779	188	0	157	19	0	NA	2322	820
TRANS	HHEX_10q23__tile8	686	251	0	169	17	0	NA	2360	830
TRANS	HLAII_6p21__tile1	3048	526	0	605	36	0	NA	6241	3051
TRANS	HLAII_6p21__tile2	8734	2	3182	1877	0	0	NA	13401	13401
TRANS	HLAII_6p21__tile3	22556	46	3974	4461	0	0	NA	30551	30551
TRANS	HLAII_6p21__tile4	5885	6	2744	1406	0	1	NA	9666	9666
TRANS	HNF1A_12q24_31__tile1	695	146	0	116	16	0	NA	1787	671
TRANS	HNF1A_12q24_31__tile2	700	146	0	144	20	0	NA	1758	710
TRANS	HNF1A_12q24_31__tile3	740	163	0	133	16	0	NA	1715	731
TRANS	HNF1A_12q24_31__tile4	666	130	0	121	27	0	NA	1851	671
TRANS	IL1RL1_IL18R1_2q12__tile1	7716	2	1492	1380	0	0	NA	10438	10438
TRANS	IL1RL1_IL18R1_2q12__tile2	6894	6	1755	1326	0	3	NA	9782	9782
TRANS	IL1RL1_IL18R1_2q12__tile3	6735	4	1288	1308	0	3	NA	9172	9172
TRANS	IL1RL1_IL18R1_2q12__tile4	293	80	0	82	9	0	NA	1101	377
TRANS	IL33_9p24_1__tile1	4624	891	0	1192	38	0	NA	8500	4219
TRANS	IL33_9p24_1__tile2	4312	4	4093	1879	0	3	NA	9510	9510
TRANS	IRS1_2q36__tile1	671	262	0	125	19	0	NA	2312	847
TRANS	IRS1_2q36__tile2	693	201	0	153	19	0	NA	2251	804
TRANS	IRS1_2q36__tile3	670	174	0	114	21	0	NA	2163	686
TRANS	IRS1_2q36__tile4	730	185	0	160	16	0	NA	2152	773
TRANS	IRS1_2q36__tile5	644	199	0	142	15	0	NA	2228	722
TRANS	IRS1_2q36__tile6	737	241	0	179	20	0	NA	2269	837
TRANS	IRS1_2q36__tile7	779	214	0	146	24	0	NA	2179	834
TRANS	IRS1_2q36__tile8	567	160	0	139	23	0	NA	2334	659
TRANS	KCNJ11_ABCC8_11p15__tile1	5527	6	1225	1072	0	1	NA	7657	7657
TRANS	KCNJ11_ABCC8_11p15__tile2	5863	4	1880	1294	0	1	NA	8767	8767
TRANS	KCNQ1_11p15_5__tile1	826	175	0	125	34	0	NA	2201	971
TRANS	KCNQ1_11p15_5__tile2	824	186	0	162	16	0	NA	2308	987
TRANS	KCNQ1_11p15_5__tile3	840	158	0	168	29	0	NA	2227	951
TRANS	KCNQ1_11p15_5__tile4	923	169	0	171	14	0	NA	2212	945
TRANS	LPA_6q25_3__tile1	8532	4	1908	1582	0	4	NA	11834	11834
TRANS	LPA_6q25_3__tile2	8047	0	1833	1511	0	3	NA	11158	11158
TRANS	LPA_6q25_3__tile3	8077	6	1743	1489	0	1	NA	11084	11084
TRANS	MC4R_18q21__tile1	6820	4	1430	1317	0	9	NA	9370	9370
TRANS	MC4R_18q21__tile2	7321	6	1613	1380	0	2	NA	10078	10078
TRANS	NEGR1_1p31_1__tile1	6749	2	906	1289	0	0	NA	8836	8836
TRANS	NEGR1_1p31_1__tile2	7113	6	1185	1445	0	0	NA	9611	9611
TRANS	NEGR1_1p31_1__tile3	7051	2	1271	1398	0	3	NA	9521	9521
TRANS	NEGR1_1p31_1__tile4	6799	4	1168	1321	0	0	NA	9124	9124
TRANS	NOS3_7q36__tile1	7819	8	1830	1516	0	4	NA	10985	10985
TRANS	NOS3_7q36__tile2	6578	6	1593	1188	0	2	NA	9181	9181
TRANS	NPR3_C5orf23_5p13__tile1	7170	6	1570	1245	0	2	NA	9835	9835
TRANS	NPR3_C5orf23_5p13__tile2	6640	6	1559	1289	0	5	NA	9303	9303
TRANS	NPR3_C5orf23_5p13__tile3	6786	2	1590	1404	0	13	NA	9579	9579
TRANS	ORMDL3_GSDMB_17q12q21__tile1	278	48	0	40	24	0	NA	2774	290
TRANS	ORMDL3_GSDMB_17q12q21__tile10	697	177	0	130	21	0	NA	2451	773
TRANS	ORMDL3_GSDMB_17q12q21__tile11	792	176	0	142	29	0	NA	2373	835
TRANS	ORMDL3_GSDMB_17q12q21__tile12	783	173	0	153	21	0	NA	2280	812
TRANS	ORMDL3_GSDMB_17q12q21__tile13	697	190	0	133	18	0	NA	2421	803
TRANS	ORMDL3_GSDMB_17q12q21__tile14	700	200	0	178	30	0	NA	2383	829
TRANS	ORMDL3_GSDMB_17q12q21__tile15	665	196	0	150	28	0	NA	2290	744
TRANS	ORMDL3_GSDMB_17q12q21__tile16	1019	271	0	212	14	0	NA	2008	1088
TRANS	ORMDL3_GSDMB_17q12q21__tile17	895	193	0	198	22	0	NA	2230	1020
TRANS	ORMDL3_GSDMB_17q12q21__tile18	803	183	0	159	30	0	NA	2225	855
TRANS	ORMDL3_GSDMB_17q12q21__tile19	834	159	0	141	24	0	NA	2322	874
TRANS	ORMDL3_GSDMB_17q12q21__tile2	857	249	0	169	26	0	NA	2552	961
TRANS	ORMDL3_GSDMB_17q12q21__tile3	943	218	0	214	19	0	NA	2420	980
TRANS	ORMDL3_GSDMB_17q12q21__tile4	856	196	0	179	13	0	NA	2161	879
TRANS	ORMDL3_GSDMB_17q12q21__tile5	789	201	0	142	23	0	NA	2140	809
TRANS	ORMDL3_GSDMB_17q12q21__tile6	823	173	0	144	21	0	NA	2151	791
TRANS	ORMDL3_GSDMB_17q12q21__tile7	630	181	0	164	24	0	NA	2392	755
TRANS	ORMDL3_GSDMB_17q12q21__tile8	702	180	0	137	33	0	NA	2437	808
TRANS	ORMDL3_GSDMB_17q12q21__tile9	674	188	0	127	30	0	NA	2470	770
TRANS	PCSK1_5q15__tile1	8688	4	1750	1605	0	14	NA	11835	11835
TRANS	PCSK9_1p32__tile1	8303	6	2008	1518	0	2	NA	11637	11637
TRANS	PCSK9_1p32__tile2	8135	4	2298	1531	0	1	NA	11685	11685
TRANS	PCSK9_1p32__tile3	1274	237	0	229	36	0	NA	3306	1294
TRANS	PLCE1_10q23__tile1	5432	0	1192	1041	0	2	NA	7503	7503
TRANS	PLCE1_10q23__tile2	5192	2	1126	958	0	2	NA	7148	7148
TRANS	PLCE1_10q23__tile3	6040	0	897	1087	0	1	NA	7889	7889
TRANS	PPARG_3p25__tile1	855	181	0	159	25	0	NA	2423	941
TRANS	PPARG_3p25__tile10	739	184	0	133	23	0	NA	2228	845
TRANS	PPARG_3p25__tile2	809	208	0	187	16	0	NA	2373	901
TRANS	PPARG_3p25__tile3	805	223	0	164	21	0	NA	2412	888
TRANS	PPARG_3p25__tile4	767	229	0	152	14	0	NA	2364	830
TRANS	PPARG_3p25__tile5	800	208	0	172	31	0	NA	2461	888
TRANS	PPARG_3p25__tile6	829	233	0	150	26	0	NA	2513	932
TRANS	PPARG_3p25__tile7	815	217	0	153	21	0	NA	2360	878
TRANS	PPARG_3p25__tile8	700	234	0	157	24	0	NA	2234	827
TRANS	PPARG_3p25__tile9	670	168	0	142	9	0	NA	2254	759
TRANS	PYHIN1_1q23__tile1	768	170	0	186	14	0	NA	1921	841
TRANS	PYHIN1_1q23__tile2	710	210	0	152	12	0	NA	2023	875
TRANS	PYHIN1_1q23__tile3	714	190	0	157	13	0	NA	2007	861
TRANS	PYHIN1_1q23__tile4	785	198	0	138	12	0	NA	1959	852
TRANS	RAD50_IL13_5q31_1__tile1	747	209	0	157	25	0	NA	2642	906
TRANS	RAD50_IL13_5q31_1__tile10	738	185	0	179	18	0	NA	2351	821
TRANS	RAD50_IL13_5q31_1__tile11	701	181	0	153	24	0	NA	2419	818
TRANS	RAD50_IL13_5q31_1__tile12	732	171	0	145	23	0	NA	2366	776
TRANS	RAD50_IL13_5q31_1__tile13	765	176	0	174	21	0	NA	2321	823
TRANS	RAD50_IL13_5q31_1__tile14	763	224	0	175	17	0	NA	2265	841
TRANS	RAD50_IL13_5q31_1__tile15	848	185	0	187	17	0	NA	2243	882
TRANS	RAD50_IL13_5q31_1__tile2	824	231	0	188	27	0	NA	2707	1034
TRANS	RAD50_IL13_5q31_1__tile3	857	210	0	176	27	0	NA	2630	980
TRANS	RAD50_IL13_5q31_1__tile4	906	221	0	225	13	0	NA	2632	1048
TRANS	RAD50_IL13_5q31_1__tile5	926	226	0	194	26	0	NA	2544	1034
TRANS	RAD50_IL13_5q31_1__tile6	924	209	0	188	21	0	NA	2495	984
TRANS	RAD50_IL13_5q31_1__tile7	905	214	0	195	15	0	NA	2469	959
TRANS	RAD50_IL13_5q31_1__tile8	827	167	0	146	19	0	NA	2413	839
TRANS	RAD50_IL13_5q31_1__tile9	733	240	0	147	16	0	NA	2408	845
TRANS	RAD50_peak__tile1	1815	1145	0	514	1	0	NA	3513	3475
TRANS	SEC16B_1q25_2__tile1	8752	8	2085	1566	0	4	NA	12161	12161
TRANS	SH2B1_16p11_2__tile1	1708	354	0	321	46	0	NA	4705	2146
TRANS	SH2B1_16p11_2__tile2	5463	2	1357	848	0	1	NA	7551	7551
TRANS	SH2B3_12q24__tile1	5407	0	900	940	0	2	NA	7163	7163
TRANS	SH2B3_12q24__tile2	5114	0	1022	900	0	0	NA	6892	6892
TRANS	SH2B3_12q24__tile3	1305	333	0	226	28	0	NA	3675	1514
TRANS	SLC30A8_8q24_11__tile1	661	193	0	146	12	0	NA	2200	742
TRANS	SLC30A8_8q24_11__tile2	657	203	0	174	22	0	NA	2116	760
TRANS	SLC30A8_8q24_11__tile3	741	224	0	155	20	0	NA	2137	851
TRANS	SLC30A8_8q24_11__tile4	708	210	0	150	14	0	NA	2252	855
TRANS	SLC30A8_8q24_11__tile5	714	237	0	136	25	0	NA	2184	798
TRANS	SLC30A8_8q24_11__tile6	641	210	0	132	12	0	NA	2148	739
TRANS	SLC30A8_8q24_11__tile7	695	208	0	139	13	0	NA	2101	771
TRANS	SLC30A8_8q24_11__tile8	675	184	0	157	20	0	NA	2142	741
TRANS	SLC4A7_3p24__tile1	7893	8	2115	1861	0	1	NA	11572	11572
TRANS	SLC4A7_3p24__tile2	6056	6	1637	1314	0	1	NA	8789	8789
TRANS	SLC4A7_3p24__tile3	6296	6	2219	1516	0	0	NA	9741	9741
TRANS	TCF7L2_10q25__tile1	702	231	0	167	21	0	NA	2394	815
TRANS	TCF7L2_10q25__tile10	772	216	0	174	26	0	NA	2340	888
TRANS	TCF7L2_10q25__tile2	805	214	0	137	21	0	NA	2382	883
TRANS	TCF7L2_10q25__tile3	791	202	0	168	17	0	NA	2375	858
TRANS	TCF7L2_10q25__tile4	737	172	0	177	25	0	NA	2453	806
TRANS	TCF7L2_10q25__tile5	793	211	0	165	16	0	NA	2394	852
TRANS	TCF7L2_10q25__tile6	777	193	0	163	23	0	NA	2387	864
TRANS	TCF7L2_10q25__tile7	709	195	0	159	26	0	NA	2461	834
TRANS	TCF7L2_10q25__tile8	848	220	0	168	26	0	NA	2341	933
TRANS	TCF7L2_10q25__tile9	785	200	0	154	20	0	NA	2308	834
TRANS	TMEM18_2p25__tile1	6275	2	5191	1640	0	1	NA	12525	12525
TRANS	TSLP_5q22_1__tile1	7394	4	1037	1723	0	6	NA	9962	9962
TRANS	TSLP_5q22_1__tile2	7067	4	1288	1650	0	19	NA	9812	9812
TRANS	TSLP_5q22_1__tile3	6815	8	1335	1502	0	14	NA	9478	9478
TRANS	UMOD_16p12__tile1	2617	729	0	523	61	0	NA	6708	3071
TRANS	UMOD_16p12__tile2	2385	565	0	583	63	0	NA	6516	3076
