obligation_id	source_decision	description	current_artifact	supersede_artifact	dependency_blockers	priority	owner	queued_date	status	submit_ts	lsf_job_ids
M2-POST-M3-01	D-M2-02	Re-fire AFR PLINK clumping using AoU AFR LD panel (~95k samples) instead of provisional 1000G AFR (N=504); supersede LD-1000G-AFR token with LD-AoU-AFR token in output filenames	data/processed/clumping/AFR/*.LD-1000G-AFR.clumped.bed (6 cells, 0 leads each due to low N at p<5e-8)	data/processed/clumping/AFR/*.LD-AoU-AFR.clumped.bed	M3 AoU AFR WGS LD panel build complete (AOU-LD-PIPELINE.md §6); requires AoU controlled-tier workspace (260426-aow registration in flight)	high	carter	2026-04-27	not_started	-	-
M2-POST-M3-02	D-M2-02	Re-fire AFR LDSC matrix slice (gcov_int rows + cols) using AoU AFR ld-scores instead of provisional EUR cross-ancestry approximation per Pitfall 11	data/processed/ldsc_overlap/bivariate_intercept_matrix_2026-04-M2.tsv (AFR rows estimated with EUR LD scores per D-M2-Q2 Carter-locked decision)	data/processed/ldsc_overlap/bivariate_intercept_matrix_2026-04-M3.tsv (AFR rows re-estimated with AoU AFR ld-scores)	M3 AoU AFR ld-scores derived from WGS	high	carter	2026-04-27	not_started	-	-
M2-POST-M3-03	D-M2-02	Re-fire AFR mtCOJO with AoU AFR LD reference panel (currently using 1000G AFR N=504 plink bfiles)	data/processed/mtcojo/AFR/*.mtcojo.cojo (LD ref 1000G AFR N=504; FAIL flags pending Wave 4 D4 re-fire)	data/processed/mtcojo/AFR/*.mtcojo.AoU.cojo (LD ref AoU AFR N=~95k)	M3 AoU AFR PLINK bfile available + Wave 4 D4 mtCOJO production re-fire complete	medium	carter	2026-04-27	not_started	-	-
M2-POST-M3-04	D-M2-Q3	TRANS mtCOJO 1000G AFR sensitivity check (currently primary_only placeholder in trans_ld_panel_concordance column)	"data/processed/mtcojo/TRANS/mtcojo_sensitivity.tsv (trans_ld_panel_concordance=""primary_only"" for all 4 TRANS rows)"	data/processed/mtcojo/TRANS/mtcojo_sensitivity.tsv with concordance ∈ {concordant, discordant_low_lock, discordant_high_lock}	1000G AFR PLINK bfile (already built Wave 0 Task 4) + Wave 4 D4 mtCOJO production re-fire complete	low	carter	2026-04-27	not_started	-	-
M2-POST-M3-05	Pitfall-11	AFR LD-score re-derivation from AoU AFR WGS for proper AFR-AFR LDSC bivariate intercept estimation (D-M2-Q2 currently uses EUR ld-scores cross-ancestry as approximation per M1 convention)	data/external/ldscore/eur_w_ld_chr/ (used for ALL pairs incl. AFR-AFR)	data/external/ldscore/afr_w_ld_chr/ derived from AoU AFR WGS	M3 AoU AFR WGS LD panel + ld-score derivation pipeline	medium	carter	2026-04-27	not_started	-	-
M2-POST-M3-06	D-M2-05	GWAS Catalog v_lock_M5 refresh + delta-diff against v_lock_M2 (M2 freeze SHA-256 = 652a974d3246748290baa83899d3c8db0027eed76663b767beaee319618961cd; 59,182,255 bytes; 2026-04-21_full_release)	data/catalogs/catalog_lock_manifest.tsv row gwas_catalog.v_lock_M2	additional row gwas_catalog.v_lock_M5 + gwas_catalog_lock_diff_M2_to_M5.tsv	M5 cross-reference date reached (per OSF amendment §3 deferred-catalog disclosure)	deferred	carter	2026-04-27	not_started	-	-
M2-POST-M3-07	Wave-2-D6	MTAG --fdr LSF re-fire to replace placeholder max_FDR=0.0 with actual Turley scalars (intractable on local compute for T=6/7/8; vendored MTAG --fdr simplex grid grows as O(intervals^(2^T-1)))	data/processed/mtag/{EUR,AFR,TRANS}/{stratum}_mtag_maxfdr_filtered.txt (max_FDR=0.0 placeholder; audit log records reason) -- HARVEST 2026-04-29: per-trait Turley scalars production-fire complete (LSF wall: EUR 192s / AFR 80s / TRANS 89s, peak RSS 1.59-1.64 GB; --skip_mtag --fdr --intervals 2 --fit_ss --cores 4); per-stratum max_FDR summary: EUR (K=8) min=1.046e-06 max=1.338e-04 n_below_0.05=8 n_below_0.01=8; AFR (K=6) min=8.643e-09 max=1.154e-01 n_below_0.05=5 n_below_0.01=5; TRANS (K=7) min=7.459e-07 max=1.431e-04 n_below_0.05=7 n_below_0.01=7; col 11 of <STRATUM>_mtag_maxfdr_filtered.txt rewritten in-place (8.0M/6.8M/8.1M EUR/AFR/TRANS rows; 0 placeholders remain); audit TSVs at data/processed/mtag/<STRATUM>/<STRATUM>_mtag_fdr_audit.tsv; Spike-Slab grid pruning: EUR=2 AFR=2 TRANS=1 grid points (--fit_ss); quick task quick-260429-w2a 2026-04-29; CONSUMER-REFRESH 2026-05-05 quick-260505-1mq: 4 derived consumers refreshed via direct Python driver invocation (Snakefile m2_*.smk NOT included; Wave 2/3 bypass pattern). joint_signal_novel.tsv byte-identical (sha=4b0e0510...; 3017 novel loci, 209 high + 2808 medium tier; AFR-stroke filtering at call_class1_novelty.py:159 evidently retained via CPASSOC-OR path or already excluded by GWAS Catalog v_lock_M2 prior-art). union_region_list.bed sha changed (8570d3a2→13c374a9; 161→168 regions; bedtools merge non-monotonic + clumping snapshot freshness). mtcojo_eligible_targets.tsv all 3 strata byte-identical (delta=0; AFR-stroke max_FDR<0.05 filter REDUNDANT for eligibility — gcov_int<0.1 filter independently excludes stroke per LDSC bivariate decoupling). mtcojo_sensitivity.tsv all 3 strata byte-identical (col 10 mtag_pval unchanged; .mtcojo.cojo files preserved byte-identical). AFR-stroke max_FDR=0.1154 honest-finding sidecar at data/processed/mtag/AFR/AFR_STROKE_MAX_FDR_ABOVE_THRESHOLD.md. M2-POST-M3-09 queued for AoU-AFR-LD re-evaluation	Same paths with actual max_FDR scalar from Turley 2018 maxFDR computation	LSF long-queue allocation remains; m2-mtag conda env BUILT 2026-04-29 at /rs1/researchers/c/ckclinto/conda_envs/m2-mtag (Python 3.10.20 + numpy 1.26.4 ABI lock per Pitfall 6 + scipy 1.11.4 + pandas 2.2.2; joblib 1.4.2 pip-installed Rule 3 auto-fix matching Wave 2 magma_helpers bypass pattern); reproducibility check: md5-identical AFR_mtag_trait_1.txt vs Wave 2 fire (1,133,502 rows; pandas 2.2.2 vs legacy 2.2.1 patch-bump had zero numerical impact); smoke-gated PASS on AFR T=6 wall 52.04 s (vs 1800 s cap; peak RSS 1.36 GB) with --skip_mtag --intervals 2 --fit_ss --cores 4 — all 6 per-trait max_FDR scalars finite floats in [1e-9, 0.12]; Spike-Slab fit pruned simplex to 2 grid points (witness: .planning/quick/260429-utt-prep-m2-post-m3-07-mtag-fdr-env-and-smok/SMOKE-AFR-FDR.log + TIMING.md; quick task 260429-utt 2026-04-29)	high	carter	2026-04-27	completed	2026-04-29T23:15:09-04:00	69641,69642,69643
M2-POST-M3-08	Wave-4-D4	mtCOJO production sensitivity LSF re-fire for the 13 eligible (target_trait, stratum) tuples with HM3-intersected COJO inputs (per-target ~10-30 min wall on full HM3+EUR Phase3 LD reference; 13 targets × ~30 min ≈ 6.5 hr LSF long-queue)	data/processed/mtcojo/{EUR,AFR,TRANS}/mtcojo_sensitivity.tsv; HARVEST 2026-04-29: 9/13 LSF jobs DONE (5 EUR + 4 TRANS) — canonical .mtcojo.cojo at data/processed/mtcojo/{EUR,TRANS}/<target>.mtcojo.cojo + bC_pval-driven sensitivity_flag classification in EUR + TRANS sensitivity tables. 4/13 EXITed (all AFR) at GCTA freq-difference filter (78477 SNPs flagged vs 1000G AFR Phase3 N=504; sample-size insufficiency of LD ref); AFR re-fire re-routed to sibling obligation M2-POST-M3-03 (AoU AFR LD panel N≈95k); see data/processed/mtcojo/AFR/AFR_LD_INSUFFICIENT_FOR_MTCOJO.md	Same paths with sensitivity_flag ∈ {PASS, WARN, FAIL} based on actual mtcojo_p vs mtag_p_original ratio + max_overlapping_intercept witness	HM3-intersected COJO input materializer (extension of src/python/build_cojo_inputs.py) + LSF long-queue allocation	high	carter	2026-04-27	partially_completed	2026-04-29T20:59:43-04:00	67672,67673,67674,67675,67676,67677,67678,67679,67680,67681,67682,67683,67684
M2-POST-M3-09	Wave-2-D6	AFR stroke MTAG max_FDR re-evaluation under M3 AoU AFR LD panel — current M2 scalar = 0.11541401327515466 (only above-0.05 across 21-trait × 3-stratum harvest) reflects N=504 1000G AFR LD-reference + GIGASTROKE-AFR low-rg-overlap with AFR covariate traits; expected to drop ~1 OOM under N≈95k AoU AFR LD	data/processed/mtag/AFR/AFR_mtag_fdr_audit.tsv row stroke.AFR.GIGASTROKE.2022 = 0.11541401327515466 (HARVEST quick-260429-w2a; consumer-refresh quick-260505-1mq witnesses zero quantitative propagation at M2 — joint_signal_novel.tsv + mtcojo_eligible_targets.tsv + mtcojo_sensitivity.tsv all byte-identical; honest-finding sidecar at data/processed/mtag/AFR/AFR_STROKE_MAX_FDR_ABOVE_THRESHOLD.md)	Same paths with M3-AoU-AFR-LD re-fire scalar; expected stroke.AFR drop to <0.05 regime; if scalar still >0.05 under M3 LD ref, finding upgrades from M2-LD-ceiling-artifact to GIGASTROKE-AFR genuinely-noisy MTAG-novel signal warranting manuscript footnote	M3 AoU AFR WGS LD panel build (AOU-LD-PIPELINE.md §6) + AoU controlled-tier workspace (260426-aow-aou-workbench-registration-track-b-m3) + M2-POST-M3-03 AFR mtCOJO re-fire (provides AoU-AFR-LD-substituted COJO inputs MTAG --fdr would also consume)	medium	carter	2026-05-05	not_started	-	-
