relative_path	sha256	bytes
Aragam2022/CAD/Aragam_2022_CARDIoGRAM_CAD_GWAS.zip	97e03e28c5458801a4e431dec8c8983ad941a675456b9affc9d9c1517ed41097	3125670297
Aragam2022/CAD/CAD_GWAS_BBJ_meta.tsv	1d96356d217a3473fc277262b3996db9f8975a324f9acdbb79acb041a4771c00	3064373414
Aragam2022/CAD/CAD_GWAS_SEX_STRATIFIED.txt.gz	c915cef8647a7b4bfb97a96027b053791cb1492da5e1140d9f27e585b90ce2d8	1079683735
Aragam2022/CAD/CAD_GWAS_primary_discovery_meta.tsv	6d21b2c0eec7dc9e3a3b77e53c447f1401ee1604d07d1b44b1c50162befcb328	3117056837
Aragam2022/aragam_zip_manifest.txt	332bec40db0921ab4c23e205896e047b0fae3a50aec55aa8039628f45db44bf7	411
CKDGen2019/eGFR/EUR/20171017_MW_eGFR_overall_EA_nstud42.dbgap.txt.gz	1bf4906310e1cf8d74fa0be3b052dc0c5a09bf87a27106fa11184afdad5e155e	192603042
CKDGen2019/eGFR/TRANS/20171016_MW_eGFR_overall_ALL_nstud61.dbgap.txt.gz	7c3f49b89599dfe79c299cf2b29996c2448cbb359c7e7c27c389ca4bb85bd060	147808771
GIANT2018/BMI/EUR/Meta-analysis_Locke_et_al+UKBiobank_2018_UPDATED.txt.gz	0d6ed0ea97870916b830ccae349df94ca6f3cc68c025c79e784729af7f7136a4	46754937
GIGASTROKE2022/stroke/AFR/GCST90104549_buildGRCh37.tsv.gz	220d26108f966c9ead6764b9babcac1c6e60196255d22fe6c8e954b71a4b9dd4	438966654
GIGASTROKE2022/stroke/EAS/GCST90104544_buildGRCh37.tsv.gz	d6e079c460f0a07934a543dd3db1109211dc5e92df7de698e220bdb81b6f27af	260117547
GIGASTROKE2022/stroke/EUR/GCST90104539_buildGRCh37.tsv.gz	15384ea2ff7e03faaf66a2a0c315fd7d2f71c0d39f76906278131d6db695c624	283517495
GIGASTROKE2022/stroke/TRANS/GCST90104534_buildGRCh37.tsv.gz	936d1d3825432a3d44aa23c6827122ce6c70e913bbe8d54d48883dfc358488e4	282368904
GLGC2021/HDL/AFR/HDL_INV_AFR_HRC_1KGP3_others_ALL.meta.singlevar.results.gz	9065b2d64165af422ebab4c6efc4375abdc53644ce64787516433ccf5772ba5b	1531445590
GLGC2021/HDL/EAS/HDL_INV_EAS_1KGP3_ALL.meta.singlevar.results.gz	0b08972ca28c0df98b997c157bbc2bcc87153677b06b6e141a4bf412e7cceb5b	772678070
GLGC2021/HDL/EUR/HDL_INV_EUR_HRC_1KGP3_others_ALL.meta.singlevar.results.gz	3711b6c62773e9685eb6a9d9b0ba7bb6551a5dcec5721c0718e7661f891d8055	2257306867
GLGC2021/HDL/HIS/HDL_INV_HIS_1KGP3_ALL.meta.singlevar.results.gz	ea079ff165955ce223dc5286d13afab337decba44b5cf32c00d9daa4ac0a6b46	1235414859
GLGC2021/HDL/SAS/HDL_INV_SAS_HRC_1KGP3_others_ALL.meta.singlevar.results.gz	a7f4bb7e98dd922ccb555a5a1f4886b83102a0d27c27fecdca6cf96759ae70b5	762889319
GLGC2021/HDL/TRANS/with_BF_meta-analysis_AFR_EAS_EUR_HIS_SAS_HDL_INV_ALL_with_N_1.gz	dd52afac949a57c3c2c2fd9e829a0ef53c6624d03830f09ed86b63721778725f	2745131590
GLGC2021/LDL/AFR/LDL_INV_AFR_HRC_1KGP3_others_ALL.meta.singlevar.results.gz	d3fece0303014c0f2c61968326ee0fdd78297c00ae18597185e52cf8a4dec4c3	1527097392
GLGC2021/LDL/EAS/LDL_INV_EAS_1KGP3_ALL.meta.singlevar.results.gz	74a843265861536911dc8808997ab651e86828522263bad1519c9372394942dc	705671169
GLGC2021/LDL/EUR/LDL_INV_EUR_HRC_1KGP3_others_ALL.meta.singlevar.results.gz	36b8d68476a00fcd5a599abe5877bcab3290becd55c3ef64e0dccf9b7c6f65ab	2288565715
GLGC2021/LDL/HIS/LDL_INV_HIS_1KGP3_ALL.meta.singlevar.results.gz	6b0f899583ac106254cac396b5e483c38043e032e78090848ab7d27bdcb7cc16	1198296746
GLGC2021/LDL/SAS/LDL_INV_SAS_HRC_1KGP3_others_ALL.meta.singlevar.results.gz	6e915be3f0f6ec67a80ad8bc4ab55622deee6902465ea93df5478f2404a4de24	763998509
GLGC2021/LDL/TRANS/with_BF_meta-analysis_AFR_EAS_EUR_HIS_SAS_LDL_INV_ALL_with_N_1.gz	7f3e73ccc3e016b4d5602c8f728e9a3194fe253c8933ddeb06e81281758ab99d	2633755293
GLGC2021/TC/AFR/TC_INV_AFR_HRC_1KGP3_others_ALL.meta.singlevar.results.gz	26f7089b90ed95afea7776e99429189560a70bd900b4e5d26db1a34013fd6e43	1539329497
GLGC2021/TC/EAS/TC_INV_EAS_1KGP3_ALL.meta.singlevar.results.gz	0829227230bb0219b92796cab683703b2c64f81b26fd356ba3eb7a6ad9a38ccc	793094393
GLGC2021/TC/EUR/TC_INV_EUR_HRC_1KGP3_others_ALL.meta.singlevar.results.gz	d88e6b38cd0a72d0af1762f36d5669fd4e322f148eaaa25492c737f36a36dcf9	2276411411
GLGC2021/TC/HIS/TC_INV_HIS_1KGP3_ALL.meta.singlevar.results.gz	7d906d52dfdc66916ee2490a15c1eefc6dca9e35ccf5e3ae5a3eb2e399531e88	1238969397
GLGC2021/TC/SAS/TC_INV_SAS_HRC_1KGP3_others_ALL.meta.singlevar.results.gz	d308581794fb6939cfac635ceaddae24c852bffb1a55c9345d3e57b45698890a	768535971
GLGC2021/TC/TRANS/with_BF_meta-analysis_AFR_EAS_EUR_HIS_SAS_TC_INV_ALL_with_N_1.gz	2edce4483bdf2a37afff04537f8d37c90c85d3dcc1b99329429827bdb3960682	2776715776
GLGC2021/TG/AFR/logTG_INV_AFR_HRC_1KGP3_others_ALL.meta.singlevar.results.gz	4bbae176c6ddc20cf1498b6605b6c9f6d20c7e03c8080a0a92acac8355c7a3d0	1533444772
GLGC2021/TG/EAS/logTG_INV_EAS_1KGP3_ALL.meta.singlevar.results.gz	6924f4ec3fbf751ce119af5f05d9df459368d5faa2b303357c3928b6c27bc34f	707174388
GLGC2021/TG/EUR/logTG_INV_EUR_HRC_1KGP3_others_ALL.meta.singlevar.results.gz	d21a2822bdb6de5735ca741bd98978bcd91048f68087bf60175c671747557492	2299020335
GLGC2021/TG/HIS/logTG_INV_HIS_1KGP3_ALL.meta.singlevar.results.gz	8703c02e35ff68f436a58634fe753345df06653132088d8eea3721bb98a586d4	1200840287
GLGC2021/TG/SAS/logTG_INV_SAS_HRC_1KGP3_others_ALL.meta.singlevar.results.gz	4a60b806472aed1ca404502516eb3c02a7adfeecce701f343df67097b7623f8d	764736862
GLGC2021/TG/TRANS/with_BF_meta-analysis_AFR_EAS_EUR_HIS_SAS_logTG_INV_ALL_with_N_1.gz	1acf708ec04c009085e4aa43ca41e6d0a5d753458c394ae2f8c0e84806456d78	2659907663
MAGIC2021/HbA1c/AFR/MAGIC1000G_HbA1c_AA.tsv.gz	fe03247fc76cc561ab882aa264e8f4adc67b67e27596c2bebeb0c6ed0bfe9717	100967097
MAGIC2021/HbA1c/EAS/MAGIC1000G_HbA1c_EAS.tsv.gz	c25a5fea39b6996a5baf801ca1d1579b8f67319436fe493beac78011a5db8490	179735042
MAGIC2021/HbA1c/EUR/MAGIC1000G_HbA1c_EUR.tsv.gz	2d571567530b4773fbbf83d18b61b7e48b022ba8b62497a7581d2e426dc35aa1	278311724
MAGIC2021/HbA1c/HIS/MAGIC1000G_HbA1c_HISP.tsv.gz	eff4812672e285c91330e903306b2c7816bddb7af999c6f2530ed05fb40ac975	278435516
MAGIC2021/HbA1c/SAS/MAGIC1000G_HbA1c_SAS.tsv.gz	cb0ed65b6defedf3df321a731060084ac4bba00052d3bcc59b071e3a303619f0	278206188
MAGIC2021/HbA1c/TRANS/MAGIC1000G_HbA1c_TA.tsv.gz	634625a06fed46f6ee8c723cc5fb8df2a05a17e31871c89cd7b416f3358d7382	228313231
PAGE2019/BMI/AFR/WojcikG_PMID_invn_rbmi_alls.gz	719f474a425fb9500b7885310d8d2e2d761be96167688fc09e3f808e67cf5c62	1252504421
README.txt	705d751595e4dcc8300e87d01e53962516b4746e56c2455e6301b2e4458b0eb1	184
download_manifest.tsv	193559d6f8f6508e0689d9194e980395c0505659558cd54163d825966be1b6ec	6126
